"category_group","isbn","pub_date","title","authors","aladin_category","description","success","kw_count","keywords","tag_653","error"
"문학","9791194192763","2026-06-04","나의 검정은 그렇게 차갑지 않은데","정민원 (지은이)","국내도서>소설/시/희곡>한국소설>2000년대 이후 한국소설","정민원 소설. 한 남자가 문 앞에 서 있다. 차갑고 서늘한 바람이 그가 들고 있는 꽃다발을 사정없이 할퀴고 지나간다. 가냘프게 고개 숙여 떨고 있는 꽃이 시간의 흐름을 말해준다. 운명이라 믿었던 그들의 만남은, 영원할 거라 속삭였던 인연은 어째서, 고작 이 문 하나 따위를 사이에 두고 열지도, 만나지도 못할 그런 애매한 사이가 돼버린 걸까.","TRUE","6","운명|인연|만남|시간흐름|애매한관계|현대인간관계","=653  \\$a운명$a인연$a만남$a시간흐름$a애매한관계$a현대인간관계",""
"문학","9791199778450","2026-05-18","바냐 삼촌","안톤 파블로비치 체호프 (지은이), 김호준 (옮긴이)","국내도서>소설/시/희곡>희곡>외국희곡","희곡출판 희곡탐미소가 러시아 극작가 안톤 체홉의 대표작 &lt;바냐 삼촌&gt;을 새롭게 번역·윤색하여 출간한다. &lt;바냐 삼촌&gt;은 오랫동안 세계 연극사에서 가장 중요한 희곡 가운데 하나로 평가받아 온 작품이다.","TRUE","5","희곡문학|가족갈등|인간관계|사회비판|19세기러시아","=653  \\$a희곡문학$a가족갈등$a인간관계$a사회비판$a19세기러시아",""
"문학","9791199867918","2026-05-26","푸른 바람꽃 - 초록동색문학회 제1시집","김원식, 강모아, 김형국, 류유정, 염승민, 정시연 (지은이)","국내도서>소설/시/희곡>시>한국시","'바람꽃'은 큰 바람이 일어나기 전, 먼 산에서 구름같이 피어오르는 뽀얀 기운을 이르는 순우리말이다. 시집 『푸른 바람꽃』은 그 고운 우리말에 군인의 푸른 기상을 더해, 푸르름이 막 피어오르기 시작하는 처음의 숨결을 담았다.","TRUE","5","군인정신|자연서정|순우리말|푸르름|현대시","=653  \\$a군인정신$a자연서정$a순우리말$a푸르름$a현대시",""
"문학","9791199704558","2026-05-14","오만과 편견","제인 오스틴 (지은이), 연두초록 (옮긴이)","국내도서>소설/시/희곡>영미소설","","TRUE","7","19세기영국|사회계층|결혼제도|여성독립|로맨스소설|가족관계|신분차이","=653  \\$a19세기영국$a사회계층$a결혼제도$a여성독립$a로맨스소설$a가족관계$a신분차이",""
"문학","9791112191892","2026-05-11","물속에 남겨둔 이름","정승우 (지은이)","국내도서>소설/시/희곡>한국소설>2000년대 이후 한국소설","","TRUE","7","기억|상실|정체성|가족관계|내면탐구|현대사회|심리소설","=653  \\$a기억$a상실$a정체성$a가족관계$a내면탐구$a현대사회$a심리소설",""
"문학","9791112193933","2026-05-12","늘 밝았던 너에게","이지윤 (지은이)","국내도서>소설/시/희곡>한국소설>2000년대 이후 한국소설","","TRUE","7","성장소설|청년세대|도시생활|자아발견|인간관계|현대사회|심리변화","=653  \\$a성장소설$a청년세대$a도시생활$a자아발견$a인간관계$a현대사회$a심리변화",""
"문학","9791175772915","2026-05-27","살아만 있다면","고사카 루카 (지은이), 김지연 (옮긴이)","국내도서>소설/시/희곡>일본소설>1950년대 이후 일본소설","베스트셀러 《남은 인생 10년》의 저자 고사카 루카. 그녀가 병마와 싸우는 마지막 순간까지 펜을 놓지 않고 써 내려간 미발표 유고작 《살아만 있다면》이 마침내 모모에서 출간되었다. 작가가 세상을 떠난 뒤 유가족에 의해 발견된 마지막 원고인 이 책은 ‘죽음’이 아닌 ‘삶’에 대한 가장 뜨거운 찬가를 담고 있다.","TRUE","5","삶의찬가|병마극복|유고작|죽음과삶|희망","=653  \\$a삶의찬가$a병마극복$a유고작$a죽음과삶$a희망",""
"문학","9791193324967","2026-05-26","이혼","프리다 맥파든 (지은이), 박지현 (옮긴이)","국내도서>소설/시/희곡>액션/스릴러소설>외국 액션/스릴러소설","내가 돈 많은 연하 남편과 결혼할 수 있었던 건 단지 아이가 생겼기 때문이었다. 하지만 결혼 생활은 나쁘지 않았다. 아니, 행복했다. 뉴잉글랜드 부촌에서 세 가족이 함께하는 삶. 이번 결혼기념일에도 남편은 나를 위해 집을 리모델링해 주기로 했다. 공사를 앞두고 나는 남편이 시킨 대로 시부모가 살던 아파트로 가서 가족이 오기만을 기다렸는데...","TRUE","7","뉴잉글랜드|부촌생활|결혼생활|가족갈등|심리스릴러|부부관계|이중생활","=653  \\$a뉴잉글랜드$a부촌생활$a결혼생활$a가족갈등$a심리스릴러$a부부관계$a이중생활",""
"문학","K182139879","2026-05-15","[세트] 카스트라토 : 거세당한 자 + 쓰레기섬 - 전2권","표창원 (지은이)","국내도서>소설/시/희곡>추리/미스터리소설>한국 추리/미스터리소설","표창원 소설 &lt;카스트라토 : 거세당한 자&gt;, &lt;쓰레기섬&gt; 2종으로 구성된 세트.","TRUE","6","추리소설|미스터리소설|범죄심리|사회비판|인권문제|도시배경","=653  \\$a추리소설$a미스터리소설$a범죄심리$a사회비판$a인권문제$a도시배경",""
"문학","9791165704223","2026-05-29","달려가는 소설 - 숨이 턱끝까지 차오르는 순간","김홍, 이수정, 김기태, 최아현, 김유담, 장류진, 김혜나 (지은이)","국내도서>청소년>청소년 문학>청소년 소설","스포츠를 테마로 한 단편 소설 7편을 엮은 『달려가는 소설』이 출간되었다. 소설집에는 김홍, 이수정, 김기태, 최아현, 김유담, 장류진, 김혜나 작가가 그려 낸, 야구, 수영, 역도, 풋살, 볼링, 쇼트트랙, 요가를 소재로 한 삶의 이야기들이 담겨 있다.","TRUE","7","청소년소설|스포츠문학|야구|수영|역도|풋살|쇼트트랙","=653  \\$a청소년소설$a스포츠문학$a야구$a수영$a역도$a풋살$a쇼트트랙",""
"문학","9791124003152","2026-06-01","나비의 경고","정효모 (지은이)","국내도서>소설/시/희곡>한국소설>2000년대 이후 한국소설","소설가 정효모의 이번 장편소설은 인간과 자연, 삶의 방향을 묻는 서사를 중심으로 전개되는 장편이다. 주인공 호선은 낯선 공간과 경험 속에서 환상과 현실이 교차하는 사건을 겪으며 변화해 간다. 나비라는 상징적 존재를 통해 환경 파괴와 인간의 욕망, 삶의 허상을 동시에 드러낸다.","TRUE","6","환경파괴|인간욕망|삶의허상|자연서사|상징주의|변화과정","=653  \\$a환경파괴$a인간욕망$a삶의허상$a자연서사$a상징주의$a변화과정",""
"문학","9791194897408","2026-06-01","바보 이반","레프 니콜라예비치 톨스토이 (지은이)","국내도서>청소년>청소년 문학>청소년 소설","러시아의 위대한 작가 레프 톨스토이의 문학은 한마디로 ""인간은 어떻게 살아야 하는가?""라는 질문에 대한 깊은 고민이 담긴 거대한 거울과 같다. 그의 책들은 겉보기에 두껍고 어려워 보이지만, 그 속에 담긴 핵심 메시지는 교우 관계나 진로, 행복에 대해 끊임없이 고민하는 청소년 여러분의 성장통과 놀라울 정도로 닮아 있다.","TRUE","6","청소년성장|삶의고민|인간관계|행복추구|진로고민|청소년소설","=653  \\$a청소년성장$a삶의고민$a인간관계$a행복추구$a진로고민$a청소년소설",""
"문학","9791194897392","2026-06-01","사람에겐 얼마만큼의 땅이 필요한가","레프 니콜라예비치 톨스토이 (지은이)","국내도서>청소년>청소년 문학>청소년 소설","러시아의 위대한 작가 레프 톨스토이의 문학은 한마디로 ""인간은 어떻게 살아야 하는가?""라는 질문에 대한 깊은 고민이 담긴 거대한 거울과 같다. 그의 책들은 겉보기에 두껍고 어려워 보이지만, 그 속에 담긴 핵심 메시지는 교우 관계나 진로, 행복에 대해 끊임없이 고민하는 청소년 여러분의 성장통과 놀라울 정도로 닮아 있다.","TRUE","5","청소년성장|인간관계|행복추구|도덕적고민|사회비판","=653  \\$a청소년성장$a인간관계$a행복추구$a도덕적고민$a사회비판",""
"문학","9791124468197","2026-05-27","죽은 자의 스토킹","알렉스 안도릴 (지은이), 백주연 (옮긴이)","국내도서>소설/시/희곡>추리/미스터리소설>기타국가 추리/미스터리소설","전 세계 1,700만 부 판매, 40개 언어 번역. 북유럽 스릴러의 새로운 흐름을 만든 작가 알렉스 안도릴이 『죽은 자의 스토킹』으로 돌아왔다. 스웨덴 출간 즉시 독자들의 주목을 받은 이 작품은 베스트셀러 『아이가 없는 집』을 잇는 율리아 스타르크 시리즈 두 번째 이야기로, 한층 정교해진 심리 추적과 촘촘한 서스펜스를 선보인다.","TRUE","7","북유럽스릴러|심리추적|서스펜스|스웨덴배경|율리아스타르크|범죄소설|추리소설","=653  \\$a북유럽스릴러$a심리추적$a서스펜스$a스웨덴배경$a율리아스타르크$a범죄소설$a추리소설",""
"문학","9791124113011","2026-05-27","그날","추명성 (지은이)","국내도서>소설/시/희곡>한국소설>2000년대 이후 한국소설","작가 추명성의 중·단편 소설 모음집 《그날》은 격동과 혼란의 시기를 지나온 우리 모두의 삶을 따스한 시선으로 포착해 낸 뜻깊은 결실이다. 작가는 ‘들어가는 말’을 통해, 국민이 뽑은 대통령이 국민에게 총구를 겨누었던 2024년 연말의 비상계엄 사태 등 ‘시절이 하수상했던’ 엄중한 날들을 돌아본다.","TRUE","7","비상계엄|정치혼란|사회불안|현대한국사회|중단편소설|시대상황|사회비판","=653  \\$a비상계엄$a정치혼란$a사회불안$a현대한국사회$a중단편소설$a시대상황$a사회비판",""
"인문학","9791199764033","2026-05-26","필사의 쓸모 1 : 논어편","공자 (지은이), 오세진 (옮긴이)","국내도서>인문학>동양철학>유교철학/주역>공자/논어","지난 25년 동안 독자들의 사랑을 받으며 인문고전 분야에서 독보적인 스테디셀러를 지켜온 『홍익출판사 동양고전 슬기바다 시리즈』의 첫 번째 책 『논어』에서 많은 사람들에게 감동을 전해준 최고 명언들을 가려 뽑아 친절한 주석을 덧붙인 뒤에, 독자가 그 문장을 통해 자기성찰을 할 수 있게 따로 편집해 놓았다.","TRUE","6","유교철학|동양고전|명언집|주역해석|인문고전|자기계발","=653  \\$a유교철학$a동양고전$a명언집$a주역해석$a인문고전$a자기계발",""
"인문학","9791199872707","2026-05-20","책강일지 - 19년차 독서모임 리더의 다정한 문답","최효정 (지은이)","국내도서>인문학>책읽기/글쓰기>책읽기","19년차 독서모임 리더 최효정 박사가 그 긴 여정을 처음으로 글로 풀어낸 에세이다. 완독 강박과 일명 '텍스트의 감옥'에서 책 읽기의 기쁨을 잃은 독자들에게 ""느슨하게 읽으면 어때""라고 다정하게 말을 건네는 이 책은, AI 시대에도 오프라인 모임이 지니는 대체 불가한 온기를 조명하며, 책과 와인이 있는 소도시의 동네 책방을 열기까지 여정을 진솔하게 들려준다.","TRUE","7","독서문화|완독강박|AI시대|오프라인모임|책방운영|소도시생활|독서치유","=653  \\$a독서문화$a완독강박$aAI시대$a오프라인모임$a책방운영$a소도시생활$a독서치유",""
"인문학","9791191979817","2026-06-18","사유의 사계절 - 고양이와 함께 쓰는 필사의 시간","김규범 (지은이)","국내도서>인문학>책읽기/글쓰기>글쓰기","필사를 통해 인문학과 철학의 문장들을 천천히 마주하도록 이끄는 사유형 필사 에세이다. 이 책은 단순히 좋은 문장을 따라 쓰는 데서 멈추지 않는다. 노자, 헤르만 헤세, 마르쿠스 아우렐리우스, 몽테뉴, 카뮈, 윤동주 등 시대를 건너 살아남은 문장들과 함께 지금 우리의 삶을 다시 바라보게 만든다.","TRUE","6","인문학|철학에세이|노자사상|헤세문학|아우렐리우스철학|몽테뉴에세이","=653  \\$a인문학$a철학에세이$a노자사상$a헤세문학$a아우렐리우스철학$a몽테뉴에세이",""
"인문학","9791173326561","2026-05-29","사피엔스 : 그래픽 히스토리 Vol.4 - 혁명의 시대","유발 하라리 (원작), 다니엘 카사나브 (그림), 김명주 (옮긴이), 다","국내도서>인문학>교양 인문학","2020년 1권 ‘인류의 탄생’ 편 이후 6년 만에 《사피엔스 그래픽 히스토리》 시리즈 대단원의 막을 내리는 완결편 4권이 출간되었다. 원작의 4부 ‘과학혁명’을 다루는 이번 신간 ‘혁명의 시대’ 편은 오늘의 세계를 만든 과학혁명과 산업혁명의 유산을 돌아보고 AI 시대 인류의 미래를 내다본다. 성장에 대한 믿음은 어떻게 오늘의 세계를 만들었을까?","TRUE","7","과학혁명|산업혁명|AI시대|인류미래|성장신념|기술발전|역사변화","=653  \\$a과학혁명$a산업혁명$aAI시대$a인류미래$a성장신념$a기술발전$a역사변화",""
"인문학","9791199315396","2026-06-10","나의 무가치함과 싸워 이기는 인문고전","김부건 (지은이)","국내도서>역사>동양사일반","조급함 속에서 잃어버렸던 삶의 방향과 나만의 속도를 되돌아보게 만드는 책이다. 매일 반복되는 자기 의심과 흔들림 속에서도 스스로를 잃지 않도록 붙잡아준다. 고전의 문턱을 낮추면서도 그 안에 담긴 깊은 통찰은 그대로 담아내, 오래 곁에 두고 힘들 때마다 다시 꺼내 보게 된다.","TRUE","5","삶의방향|자기계발|동양철학|삶의속도|고전통찰","=653  \\$a삶의방향$a자기계발$a동양철학$a삶의속도$a고전통찰",""
"인문학","9791199149748","2026-06-02","K-유학, 민주시민과의 만남","김민재, 김지연, 박정민, 강세화, 차시진, 박종익, 진솔, 위성홍, 최","국내도서>인문학>인문 에세이","공감·정의·책임·소통·상호 인정이라는 시민적 가치를 조선 유학자 11인의 삶과 사상으로 다시 읽는다. 퇴계 이황, 남명 조식, 우암 송시열, 다산 정약용 등은 민주주의를 제도만이 아니라 시민의 마음과 태도, 판단과 책임의 문제로 바라보게 한다.","TRUE","5","조선유학|퇴계이황|정약용사상|공감교육|책임윤리","=653  \\$a조선유학$a퇴계이황$a정약용사상$a공감교육$a책임윤리",""
"인문학","9791173559488","2026-06-05","우리는 왜 오래된 장소에 끌리는가 - 세계유산, 도시, 기억을 따라 걷는 인문 에세이","이창근 (지은이)","국내도서>인문학>인문 에세이","왜 어떤 도시는 오래 기억되고, 어떤 도시는 금세 잊히는가. 사람은 유산의 이름보다 그 도시를 걸었던 감각을 더 오래 기억한다. 널리 알려진 유산을 보았는데도 금세 흐려지는 도시가 있고, 오래 머문 것도 아닌데 이상하게 마음에 남는 장소가 있다. 『우리는 왜 오래된 장소에 끌리는가』는 그 차이를 세계유산과 도시, 걷기와 기억의 감각으로 읽어낸 인문 에세이다.","TRUE","6","기억문화|도시역사|장소감각|문화유산|역사보존|도시기행","=653  \\$a기억문화$a도시역사$a장소감각$a문화유산$a역사보존$a도시기행",""
"인문학","9791138859790","2026-05-04","비하인드 히스토리","박정근 (지은이)","국내도서>인문학>교양 인문학","도대체 왜 인간은 핵폭탄까지 만들었을까? 왜 강 근처에서 문명이 시작됐을까? 진시황은 왜 그렇게 불로초에 집착했을까? 『비하인드 히스토리』는 이런 “근데 그래서 왜?”라는 질문에서 출발하는 책이다. 교과서 밖에 숨어 있던 비하인드 스토리와 잡학, 유쾌한 비유와 시대 이야기가 자연스럽게 이어지며 읽는 재미를 더한다.","TRUE","6","문명형성|핵무기|진시황|인문교양|문명발달|역사이야기","=653  \\$a문명형성$a핵무기$a진시황$a인문교양$a문명발달$a역사이야기",""
"인문학","9791138859295","2026-05-22","사랑의 미학","Navyblue0429 (지은이)","국내도서>인문학>인문 에세이","사랑을 감정이나 기술이 아닌 '존재를 바라보는 태도'로 탐구하는 철학적 에세이다. SNS 매체인 쓰레드에서 Navyblue0429라는 아이디로 지난 몇 개월 동안 적어 왔던 철학적 사유들이 녹아든 글들을 베이스로 저자는 『사랑의 미학』을 완성했다.","TRUE","5","철학에세이|사랑철학|SNS철학|현대철학|감정탐구","=653  \\$a철학에세이$a사랑철학$aSNS철학$a현대철학$a감정탐구",""
"인문학","9791168274587","2026-06-15","AI는 아이를 어떻게 바꾸는가 - 친절하고 똑똑하고 완벽한 대화 속에서 아이가 잃고 있는 것","가와하라 시게토 (지은이), 박현강 (옮긴이)","국내도서>인문학>교양 인문학","미국과 일본에서 25년간 음성학과 언어 발달을 연구해 온 언어학자인 저자는 직접 AI와 수없이 대화하며 인간의 언어와 기계의 응답 사이에는 어떤 본질적인 차이가 존재하는지 집요하게 탐구했다. 그 과정에서 AI가 결코 대신할 수 없는 인간 성장의 핵심 조건이 무엇인지 밝혀낸다.","TRUE","7","언어발달|음성학|인공지능교육|인간성장|기계학습|언어철학|아동발달","=653  \\$a언어발달$a음성학$a인공지능교육$a인간성장$a기계학습$a언어철학$a아동발달",""
"인문학","K522138136","2026-05-15","[세트] 세종의 정치 1~3 - 전3권","남영신 (지은이)","국내도서>역사>한국사 일반","도서 '세종, 정의를 세우다', '세종, 갈등을 넘어서다', '세종, 백성을 살리다' 세트 상품이다.","TRUE","7","세종정치|조선정치사|갈등해결|민본주의|조선역사|정치철학|한국사","=653  \\$a세종정치$a조선정치사$a갈등해결$a민본주의$a조선역사$a정치철학$a한국사",""
"인문학","9791170801764","2026-05-15","세종 이도 다이어리 - 한 권으로 읽는 세종 33년","김경묵 (지은이)","국내도서>역사>조선사>조선전기(개국~임진왜란 이전)","대한민국 사람이라면 누구나 아는 세종 이도. 그러나 우리 모두가 잘 안다고 여기는 세종 이도는 사실 그의 평화로운 치세와 빛나는 발명품들에 제한된 면이 있다. 그는 조선의 왕이자 신하들이 믿고 따르는 리더였지만, 한 인간으로서는 사랑받는 아들이었고, 동생이자 형이었으며, 남편이자 사위였고, 다정한 아버지였다. 이 책은 세종 이도의 이 모든 면을 아우른다.","TRUE","7","조선전기|세종대왕|조선정치|조선문화|조선사회|조선역사|조선발명","=653  \\$a조선전기$a세종대왕$a조선정치$a조선문화$a조선사회$a조선역사$a조선발명",""
"인문학","9791193857410","2026-05-11","단종의 비애 세종의 눈물 1 - 조선 정치의 민낯을 적나라하게 드러낸 왕실 최대의 비극, 개정증보판","유동완 (지은이)","국내도서>역사>조선사>조선전기(개국~임진왜란 이전)","세종과 문종 시대, 시대가 요구하는 규범과 원칙을 벗어난 국정 운영의 틈을 파고든 종친 세력은 결국 단종을 폐위하고 유배 보낸 뒤 죽음에 이르게 했다. 이 책은 그 유배 길을 추적하여 복원했을 뿐 아니라, 단종이 어떻게 다시 왕으로 불리게 되었는지를 밝히고, 그 과정에서 조선 정치 전반의 권력 구조와 긴장 관계를 살핀다.","TRUE","6","단종폐위|세종시대|문종시대|권력구조|종친세력|조선왕실","=653  \\$a단종폐위$a세종시대$a문종시대$a권력구조$a종친세력$a조선왕실",""
"인문학","9791193857427","2026-05-11","단종의 비애 세종의 눈물 2 - 조선 정치의 민낯을 적나라하게 드러낸 왕실 최대의 비극, 개정증보판","유동완 (지은이)","국내도서>역사>조선사>조선전기(개국~임진왜란 이전)","조선 왕실사에서 가장 비극적인 사건 중 하나는 단종을 둘러싼 이야기다. 어린 임금 단종은 숙부 세조에게 왕위를 빼앗기고 생을 마감하며, 단순한 권력 찬탈을 넘어선 비극으로 기억된다. 이 사건이 오랜 세월 울림을 주는 이유는 단종에 대한 연민과 세조에 대한 비판을 넘어, 이후 조선 정치 구조의 변화와 권력 재편이 역사 전반에 미친 영향을 떠올리게 하기 때문이다.","TRUE","6","권력재편|단종사건|세조찬탈|조선왕실|정치구조|조선역사","=653  \\$a권력재편$a단종사건$a세조찬탈$a조선왕실$a정치구조$a조선역사",""
"인문학","9791163144649","2026-05-15","세종, 갈등을 넘어서다 - 세종이 겪은 3대 정쟁","남영신 (지은이)","국내도서>역사>한국사 일반","지금 우리에게 필요한 것은 바로 좋은 정치다. 우리가 찾는 좋은 정치에 대한 답이 바로 ‘세종의 정치’에 있다. 평생을 한글 연구에 바친 한글학자이자 세종 전도사를 자처하는 남영신은 《세종실록》에서 우리에게 필요한 좋은 정치를 발굴해냈다.","TRUE","7","세종정치|조선정치사|정치갈등|세종실록|조선왕조|정치리더십|한글연구","=653  \\$a세종정치$a조선정치사$a정치갈등$a세종실록$a조선왕조$a정치리더십$a한글연구",""
"사회과학","9791192101477","2026-05-25","코리안드림 담대한 여정","코리안드림+콘텐츠플러스 (지은이)","국내도서>사회과학>사회학>사회학 일반","종교의 전통적 경계가 옅어지고 새로운 정신적 가치를 모색하는 ‘포스트 종교 시대’를 맞아, 대한민국과 인류 전체가 나아가야 할 거시적 방향성을 제시하는 책이 출간되었다. 문현진 글로벌피스재단(GPF) 의장의 활동을 담은《코리안드림 담대한 여정》은 역사·경영·신학을 아우르는 입체적 통찰로 벼려낸 새로운 시대의 비전을 담고 있다.","TRUE","6","포스트종교|글로벌비전|사회변혁|미래사회|정신문화|평화운동","=653  \\$a포스트종교$a글로벌비전$a사회변혁$a미래사회$a정신문화$a평화운동",""
"사회과학","9791130398242","2026-05-30","남북한 관계사 - 1945~2025","황병무 (지은이)","국내도서>사회과학>통일/북한관계>북한학 일반","남북 분단 80년 세월이 흘렀다. 분단사를 정권에 따라 남북 간 화해.협력과 긴장.대립 상황을 정리하였다. 한반도 평화.통일에 주는 문제점 및 과제를 도출하려 노력했으며 11장에 이르는 각 장의 결론마다 한국의 통일.안보.외교에 미친 정책적 의미를 살폈다.","TRUE","7","한반도평화|통일정책|남북협력|북한정치|안보전략|외교정책|분단사","=653  \\$a한반도평화$a통일정책$a남북협력$a북한정치$a안보전략$a외교정책$a분단사",""
"사회과학","9791172134211","2026-06-05","정책은 왜 실패하는가 - 대한민국 정책 생태계의 민낯과 가능성","이창곤 (지은이)","국내도서>사회과학>사회학>사회학 일반","오랫동안 《한겨레》 기자로 근무했던 저자는 복지를 중심으로 노동, 주거, 환경 등 사회 정책 이슈에 큰 관심을 쏟아 왔다. 각종 시민단체와 정부 위원회에 참여하면서 정책이 가져올 사회변화의 가능성을 확인하는 한편, 전문가와 시민사회의 합의안이 관료주의와 정무 권력의 폐쇄적 구조 안에서 무력화되는 과정을 지켜보았다. 이 책은 일반인이 접근하기 어려운 정책 결정과 실행의 메커니즘을 친절한 서술과 다양한 예시로 쉽게 설명한다.","TRUE","7","사회정책|복지정책|노동정책|주거정책|환경정책|관료주의|정책결정","=653  \\$a사회정책$a복지정책$a노동정책$a주거정책$a환경정책$a관료주의$a정책결정",""
"사회과학","9791176430180","2026-05-28","교사가 살아야 교실이 산다","김태훈 (지은이)","국내도서>자기계발>성공>성공학","흔들리는 교권과 번아웃의 폭풍 속에서 완벽한 교육자의 가면을 쓴 채 홀로 숨을 고르는 선생님들을 위한 단단한 내면 회복 지침서다. 저자는 교실을 살리는 힘이 교사의 무결함이 아닌 ‘자기 인식’에 있음을 짚어내며, 감정적 버튼을 관리하고 정서적 방어선을 구축하는 법을 제시한다.","TRUE","6","번아웃|감정관리|정서방어|교권회복|내면회복|교육자역할","=653  \\$a번아웃$a감정관리$a정서방어$a교권회복$a내면회복$a교육자역할",""
"사회과학","9791138860123","2026-05-22","공공투자 건립 타당성 분석 실무론 - 정책적 타당성부터 경제성 분석까지","문지효 (지은이)","국내도서>경제경영>기업 경영>경영 일반","","TRUE","6","공공정책|정책평가|프로젝트관리|투자분석|경영전략|정책결정","=653  \\$a공공정책$a정책평가$a프로젝트관리$a투자분석$a경영전략$a정책결정",""
"사회과학","9791138859677","2026-05-13","핀포인트 전략 코치 1","김정민 (지은이)","국내도서>경제경영>기업 경영>경영 일반","2개의 대기업 그룹에서 34년간 전략 조직의 모든 업무를 섭렵한 베테랑 전략가가 전하는 경영전략의 이론과 실제의 완결판이다. 이 책은 학문 연구를 위한 이론에 머물지 않고, 오늘 당장 전략 보고서를 써야 하는 실무자와 의사결정의 무게를 견뎌야 하는 경영자에게 즉각적인 해답을 제시해 주는 ‘핀포인트’ 지침서다.","TRUE","7","경영전략|대기업전략|의사결정|전략보고서|실무지침|경영자코칭|전략조직","=653  \\$a경영전략$a대기업전략$a의사결정$a전략보고서$a실무지침$a경영자코칭$a전략조직",""
"사회과학","9791138860093","2026-05-13","핀포인트 전략 코치 2","김정민 (지은이)","국내도서>경제경영>기업 경영>경영 일반","2개의 대기업 그룹에서 34년간 전략 조직의 모든 업무를 섭렵한 베테랑 전략가가 전하는 경영전략의 이론과 실제의 완결판이다. 이 책은 학문 연구를 위한 이론에 머물지 않고, 오늘 당장 전략 보고서를 써야 하는 실무자와 의사결정의 무게를 견뎌야 하는 경영자에게 즉각적인 해답을 제시해 주는 ‘핀포인트’ 지침서다.","TRUE","7","경영전략|의사결정|전략보고서|실무지침|대기업경영|전략조직|경영자문","=653  \\$a경영전략$a의사결정$a전략보고서$a실무지침$a대기업경영$a전략조직$a경영자문",""
"사회과학","9791175790582","2026-05-20","리더존망 - 왜 조직의 속도는 리더에서 멈추는가","이용훈 (지은이)","국내도서>경제경영>기업 경영>경영 일반","AI의 발전으로 개인의 생산성은 그 어느 때보다 높아졌지만 정작 조직의 속도는 여전히 느리기만 하다. 저자는 그 이유가 도구의 문제가 아니라 '의사결정의 구조' 즉 모든 결정을 틀어쥐고 있는 '바쁜 리더'에게 있다고 지적한다.","TRUE","7","의사결정구조|조직속도|생산성향상|리더십문제|조직관리|AI활용|경영전략","=653  \\$a의사결정구조$a조직속도$a생산성향상$a리더십문제$a조직관리$aAI활용$a경영전략",""
"사회과학","9791112192493","2026-05-11","호스텔 공략집 - 직접 해본 사람만 아는 숙박업 창업의 모든 것","김동찬 (지은이)","국내도서>경제경영>창업/취업/은퇴>창업정보","","TRUE","5","창업전략|소규모사업|관광산업|사업계획|서비스경영","=653  \\$a창업전략$a소규모사업$a관광산업$a사업계획$a서비스경영",""
"사회과학","9791112192776","2026-05-11","아시아지역학적 상상력","대한아시아지역학연구회 (지은이)","국내도서>경제경영>기업 경영>경영 일반","","TRUE","7","아시아경제|지역연구|문화교류|경제발전|지역정책|국제협력|사회변동","=653  \\$a아시아경제$a지역연구$a문화교류$a경제발전$a지역정책$a국제협력$a사회변동",""
"사회과학","9791112194169","2026-05-14","생성형AI를 활용한 중소상공인의 공급망ESG 대응 매뉴얼 - 진단부터 보고서까지 생성형 AI로 완성하는 ES","이우철 (지은이)","국내도서>경제경영>기업 경영>경영 일반","","TRUE","6","중소기업|공급망관리|지속가능경영|경영전략|AI활용|환경경영","=653  \\$a중소기업$a공급망관리$a지속가능경영$a경영전략$aAI활용$a환경경영",""
"사회과학","9791192815145","2026-05-20","통찰 vol.3 RE:PAINT - 경영자를 위한 미래 키워드 7","휴넷리더십센터 (지은이)","국내도서>경제경영>기업 경영>경영 일반","불확실성을 읽는 복원력, 감정으로 움직이는 시장, 인간 이해에 기반한 판단, AI와 사람의 시너지, 혁신의 재설계, 초개인화 전략, 기술과 윤리의 균형까지 미래 경영을 관통하는 7개의 키워드 ‘RE:PAINT’를 중심으로 구성했다.","TRUE","7","복원력|감정시장|인간이해|AI시너지|혁신재설계|초개인화|기술윤리","=653  \\$a복원력$a감정시장$a인간이해$aAI시너지$a혁신재설계$a초개인화$a기술윤리",""
"사회과학","9791194880875","2026-05-26","팀 버너스리, 이것은 모두를 위한 것입니다","팀 버너스리 (지은이), 윤신영 (옮긴이)","국내도서>경제경영>기업 경영>경영 일반","자유롭고 평등한 정보의 바다를 꿈꾸었던 웹은 이제 빅테크 기업이 데이터를 독점하는 ‘디지털 감옥’으로 변질되었다. 웹의 발명가 팀 버너스 리는 ‘솔리드(Solid)’ 프로토콜을 통해 데이터 주권과 새로운 디지털 민주주의의 방향을 제시한다.","TRUE","7","데이터주권|디지털민주주의|빅테크|정보독점|웹발전|솔리드프로토콜|디지털감옥","=653  \\$a데이터주권$a디지털민주주의$a빅테크$a정보독점$a웹발전$a솔리드프로토콜$a디지털감옥",""
"사회과학","9791176270410","2026-05-15","검증된 기업을 인수하라 - 한국형 인수창업(ETA) 실전가이드","이문락, 고호현, 이기민 (지은이)","국내도서>경제경영>기업 경영>경영 일반","후계자 부재로 소멸 위기에 처한 중소기업이 67만 개에 달하는 시대, 인수창업(ETA)은 이미 검증된 기업을 인수해 성장시키는 ‘Buy then Build’ 전략이다. 국내 최초의 인수창업 실전 지침서로 기업 탐색, 가치평가, 자금조달, PMI까지 전 과정을 안내한다.","TRUE","6","인수합병|중소기업경영|기업가치평가|자금조달전략|경영승계|PMI전략","=653  \\$a인수합병$a중소기업경영$a기업가치평가$a자금조달전략$a경영승계$aPMI전략",""
"사회과학","9791167853127","2026-06-01","요즘 시민을 위한 최소한의 AI - AI 시대 사라지는 기회 속 필수 생존 전략법","최재혁 (지은이)","국내도서>경제경영>트렌드/미래전망>인공지능/빅데이터","AI 기술이 주도하는 거대한 시대적 전환은 우리가 눈을 감는다고 해서 사라지거나, 두렵다고 해서 뒷걸음칠 수 있는 성질의 것이 아니다. 그것은 이미 우리 삶의 한가운데로 맹렬하게 진입해 버린, 피할 수 없는 명백한 미래이자 피와 살로 겪어 내야 할 차가운 현실이다.","TRUE","6","인공지능전략|미래사회|디지털전환|기술변화|빅데이터활용|사회변화","=653  \\$a인공지능전략$a미래사회$a디지털전환$a기술변화$a빅데이터활용$a사회변화",""
"자연과학","9788961312202","2026-06-04","성, 섹스, 젠더, 유전, 진화 그리고 사회","김남수 (지은이)","국내도서>과학>생명과학>생명과학","평생 유전학 분야에서 연구와 강의를 이어온 전문가 김남수 저자가 생물학, 진화, 뇌과학, 그리고 사회와 문화가 만나는 지점에서 성을 새롭게 바라보고자 시도한 뜻깊은 기록이다. 총 5부 15장에 걸쳐 성의 기원부터 현대의 정체성 정치까지 방대한 테마를 차분히 드러낸다.","TRUE","7","유전학|진화생물학|뇌과학|정체성정치|생물학적성|문화와성|사회생물학","=653  \\$a유전학$a진화생물학$a뇌과학$a정체성정치$a생물학적성$a문화와성$a사회생물학",""
"자연과학","9788965968313","2026-06-09","[큰글자책] 과학이 우리의 생각을 읽을 수 있다면 - 뇌를 스캔하는 신경과학의 현재와 미래","존-딜런 헤인즈, 마티아스 에콜트 (지은이), 배명자 (옮긴이)","국내도서>과학>뇌과학>뇌과학 일반","뇌신경과학의 세계적인 권위자 존-딜런 헤인즈 교수가 ‘생각을 읽는 기술’인 브레인 리딩 분야의 최신 연구 성과를 비롯해 브레인 리딩 기술의 발전이 가져올 미래의 변화 등을 대중적인 언어로 담아낸 책이다.","TRUE","7","뇌신경과학|브레인리딩|신경기술|뇌파분석|인지과학|미래기술|신경이미징","=653  \\$a뇌신경과학$a브레인리딩$a신경기술$a뇌파분석$a인지과학$a미래기술$a신경이미징",""
"자연과학","9788965968306","2026-06-09","[큰글자책] 숨 쉬는 것들은 어떻게든 진화한다 - 변화 가득한 오늘을 살아내는 자연 생태의 힘","마들렌 치게 (지은이), 배명자 (옮긴이)","국내도서>과학>생명과학>생물학","전작 『숲은 고요하지 않다』에서 다채로운 방식으로 활발하게 소통하는 생명체의 바이오커뮤니케이션(Biocommunication)에 대해 이야기한 저자는 『숨 쉬는 것들은 어떻게든 진화한다』에서 우리의 고정관념 밖에 있는 자연, 역동적으로 환경에 적응하고 성장해 가는 자연에 대해 이야기한다.","TRUE","7","생명체진화|환경적응|바이오커뮤니케이션|생태계|생물다양성|자연적응|생명과학","=653  \\$a생명체진화$a환경적응$a바이오커뮤니케이션$a생태계$a생물다양성$a자연적응$a생명과학",""
"자연과학","9791198863034","2026-05-16","탄소재생농업 CRA","황병대 (지은이)","국내도서>과학>농업>농업일반","전 세계는 '탄소중립'이라는 목표를 향해 나아가고 있다. 하지만 지금의 담론은 치명적인 편향을 내포하고 있다. 바로 '감축 중심 사고'다. 우리는 오랫동안 굴뚝과 하늘, 숫자와 그래프 속에서 해법을 찾았지만 기후위기는 더 심각해지고있다. 이제 시선을 아래로 돌릴 때다. 흙 속에 이미 답이 있다.","TRUE","6","탄소중립|기후위기|토양관리|탄소저장|농업혁신|환경보전","=653  \\$a탄소중립$a기후위기$a토양관리$a탄소저장$a농업혁신$a환경보전",""
"자연과학","9791112187024","2026-05-01","수학의 왜? - 수업과 교재가 설명해 주지 않는 원리 깨닫기","박도준 (지은이)","국내도서>과학>수학>수학 일반","","TRUE","7","수학원리|수학개념|수학사고|수학적사고|수학입문|수학이해|수학학습","=653  \\$a수학원리$a수학개념$a수학사고$a수학적사고$a수학입문$a수학이해$a수학학습",""
"자연과학","9788972918936","2026-05-20","토머스 쿤의 마지막 원고 - 『과학혁명의 구조』 그 이후의 이야기","토머스 S. 쿤 (지은이), 보야나 믈라데노비치 (엮은이), 홍성욱 (옮","국내도서>과학>과학의 이해>과학사상","『과학혁명의 구조』에서 패러다임의 전환이란 개념을 통해서 과학발전을 설명했던 쿤은 이 책을 통해 자신의 후기 철학을 보여줄 예정이었지만 미처 완성하지 못하고 세상을 떠났다. 이 책에서는 『세계의 복수성 : 과학 발전의 진화적 이론』이라는 초고 장들이 마침내 공개된다.","TRUE","7","과학철학|패러다임전환|과학발전|진화적이론|과학사상|과학이론|과학적변화","=653  \\$a과학철학$a패러다임전환$a과학발전$a진화적이론$a과학사상$a과학이론$a과학적변화",""
"자연과학","9788936481292","2026-05-25","우주 속의 우리","이승헌 (지은이)","국내도서>과학>기초과학/교양과학","오늘날 우리는 과학기술이 인간의 삶을 압도적으로 규정하는 시대를 살아가고 있다. 과학은 더이상 순수한 발견의 영역에 머무르지 않고 정치와 윤리, 권력과 긴밀하게 얽혀 있다. 『우주 속의 우리』는 이러한 시대적 상황에서 ‘인간은 과학을 어디로 이끌고 있는가’라는 근본적인 질문을 던지는 책이다.","TRUE","7","과학기술|정치윤리|과학철학|기술영향|사회변화|과학정책|미래과학","=653  \\$a과학기술$a정치윤리$a과학철학$a기술영향$a사회변화$a과학정책$a미래과학",""
"자연과학","9791168616752","2026-05-22","모두를 위한 도시는 있다 - 15분 도시가 진짜 말하는 것들","허남설 (지은이)","국내도서>사회과학>사회문제>사회문제 일반","15분 도시에 대한 오해를 바로잡고 지금 우리에게 필요한 도시는 어떤 도시인지에 대한 질문을 던진다. 이 책을 쓴 허남설 기자는 건축학을 공부하고 경향신문에서 도시행정과 정치?사회 문제를 오랜 시간 취재해 왔다. 전작에서 도시 재개발 문제를 다룬 그는 이번 책에서 자신이 사랑하는 공간을 잃지 않기 위해 애쓰며 ‘모두의 도시’를 꿈꾸는 사람들을 만나 그들의 이야기를 담아냈다.","TRUE","7","도시계획|지속가능도시|도시재개발|공간정의|도시행정|커뮤니티디자인|사회적포용","=653  \\$a도시계획$a지속가능도시$a도시재개발$a공간정의$a도시행정$a커뮤니티디자인$a사회적포용",""
"자연과학","9791112192448","2026-05-11","원인과 결과 - 역학편 (2판) - 범인을 위한 물리학","이진한 (지은이)","국내도서>과학>기초과학/교양과학","","TRUE","6","기초과학|교양과학|물리역학|과학입문|물리개념|과학원리","=653  \\$a기초과학$a교양과학$a물리역학$a과학입문$a물리개념$a과학원리",""
"자연과학","9791158749286","2026-06-10","수학자의 생각 수업 - 수학적 모델링과 과학적 사고를 둘러싼 30가지 질문","주하오난 (지은이), 이지수 (옮긴이), 김지혜 (감수)","국내도서>과학>수학>쉽게 배우는 수학","수학을 단순한 계산 기술이 아니라 세상을 해석하고 재구성하는 살아 있는 언어로 바라보는 책이다. 베이징대학교 수학과를 졸업한 저자는 전염병의 확산, 자원의 최적 배분, 인공지능의 예측까지 현실 문제를 풀어내는 ‘수학적 모델링’의 사고법을 소개한다.","TRUE","5","전염병확산|자원배분|인공지능예측|현실문제해결|수학입문","=653  \\$a전염병확산$a자원배분$a인공지능예측$a현실문제해결$a수학입문",""
"자연과학","9791124280812","2026-05-20","공기의 연금술 - 생명과 죽음의 원소, 질소를 둘러싼 프리츠 하버와 카를 보슈 이야기","토머스 헤이거 (지은이), 홍경탁 (옮긴이)","국내도서>과학>화학>일반화학","질소는 인류 역사를 바꾼 위대한 원소이다. 식량 생산에 필수적인 비료에서부터 많은 목숨을 앗아간 폭탄까지, 생명과 죽음에 동시에 관여했다. 그러나 생명체에 필수적인 이 질소는, 대기의 80퍼센트 이상을 차지하고 있음에도 불구하고 그대로 사용할 수는 없다는 단점이 가졌다. 이 책은 공기 중 질소를 암모니아로 변환해 비료를 만드는, 역사상 가장 중요한 발견을 이루어낸 두 과학자, 프리츠 하버와 카를 보슈에 관한 이야기다.","TRUE","5","질소고정|암모니아합성|비료생산|화학사|산업화학","=653  \\$a질소고정$a암모니아합성$a비료생산$a화학사$a산업화학",""
"자연과학","9791197432712","2026-05-21","식물면역학","황병국 (지은이)","국내도서>과학>생명과학>생물학","","TRUE","7","식물방어기작|면역반응|생체방어|병원체저항성|식물생리학|생명과학|생물학","=653  \\$a식물방어기작$a면역반응$a생체방어$a병원체저항성$a식물생리학$a생명과학$a생물학",""
"자연과학","9791168624399","2026-06-01","중학 수학 필수 공식·용어 사전","오분샤 편집부 (엮은이), 성시야 (옮긴이)","국내도서>과학>수학>수학 일반","미리 만나는 중학 수학, 개념과 원리 중심의 수학 공식과 용어 사전. 수학 공식을 배울 때 해당 공식이 도출된 원리를 증명과 정리로 한 번 더 설명해주어 개념과 원리 중심의 학습으로 유도한다. 따라서 중학 수학의 기초를 다지는 데 더없이 좋은 참고서가 될 것이다.","TRUE","7","수학기초|수학개념|수학원리|수학증명|수학정리|중학교수학|수학학습","=653  \\$a수학기초$a수학개념$a수학원리$a수학증명$a수학정리$a중학교수학$a수학학습",""
"자연과학","9791124272305","2026-05-21","지도로 보는 지구의 역사 - 빅뱅부터 행성 지구와 인류의 미래까지, 300가지 지도와 인포그래픽으로 만나는 ","크리스티앙 그라탈루 (지은이), 이충호 (옮긴이)","국내도서>과학>과학의 이해>과학사/기술사","지구는 우주에서 평범한 별 하나를 돌고 있는 작은 행성이다. 하지만 현재 인류의 지식으로는 우주 어디에도 존재하지 않는 단 하나의 특별함을 품고 있다. 바로 ‘생명’이다. 그 생명의 다양한 흐름 속에서 인간은 다른 종을 압도하며 지구를 변형시켰고, 이제는 스스로의 미래를 위협하는 존재가 되었다. 《지도로 보는 지구의 역사》는 이 거대한 이야기를 한 권에 담은 책이다.","TRUE","7","과학사|기술사|지구역사|생명진화|인류영향|우주기원|환경변화","=653  \\$a과학사$a기술사$a지구역사$a생명진화$a인류영향$a우주기원$a환경변화",""
"자연과학","9791112192714","2026-05-21","21개 단어로 쉽게 알아보는 바이오공학","허정혁 (지은이)","국내도서>과학>생명과학>바이오테크놀로지","","TRUE","7","생명공학|유전자편집|합성생물학|바이오의약품|유전자치료|생명윤리|바이오산업","=653  \\$a생명공학$a유전자편집$a합성생물학$a바이오의약품$a유전자치료$a생명윤리$a바이오산업",""
"기술과학","9791143026262","2026-05-28","AI와 리더십 공학","김문경 (지은이)","국내도서>컴퓨터/모바일>인공지능","AI가 보고서, 분석, 조율 같은 관리 업무를 가져간 뒤 리더에게 무엇이 남는지를 묻는다. 저자는 리더십을 감각이나 카리스마가 아니라 설계·측정·최적화할 수 있는 구조로 본다. AI 시대 리더는 사람과 AI의 협업을 조율하고, 데이터 뒤의 맥락을 해석하며, 구성원이 일의 의미를 잃지 않도록 돕는 존재다.","TRUE","6","AI협업|데이터해석|조직관리|리더역할|구성원동기|업무최적화","=653  \\$aAI협업$a데이터해석$a조직관리$a리더역할$a구성원동기$a업무최적화",""
"기술과학","9791143026279","2026-05-28","[큰글자책] AI와 리더십 공학","김문경 (지은이)","국내도서>컴퓨터/모바일>인공지능","AI가 보고서, 분석, 조율 같은 관리 업무를 가져간 뒤 리더에게 무엇이 남는지를 묻는다. AI 시대 리더는 사람과 AI의 협업을 조율하고, 데이터 뒤의 맥락을 해석하며, 구성원이 일의 의미를 잃지 않도록 돕는 존재다. 권한보다 역할 재정의가 중요해진 시대의 리더십 전략서다.","TRUE","6","AI협업|리더역할|데이터해석|조직관리|업무조율|의미부여","=653  \\$aAI협업$a리더역할$a데이터해석$a조직관리$a업무조율$a의미부여",""
"기술과학","9791143026873","2026-05-28","[큰글자책] AI 시대의 공영 미디어 전략","김정환 (지은이)","국내도서>컴퓨터/모바일>인공지능","AI와 알고리즘이 미디어 질서를 재편하는 상황에서 KBS를 중심으로 공영방송의 존재 이유와 혁신 방향을 묻는다. 위기 분석에 머물지 않고, 사명과 비전의 재정의, 뉴스·제작·편성·기술·경영 혁신, 조직 문화 변화까지 포함한 실행 전략을 제시한다.","TRUE","6","공영방송|알고리즘|방송편성|조직문화|경영혁신|뉴스제작","=653  \\$a공영방송$a알고리즘$a방송편성$a조직문화$a경영혁신$a뉴스제작",""
"기술과학","9791143026897","2026-05-28","AI 수업 설계","이다연 (지은이)","국내도서>컴퓨터/모바일>인공지능","AI가 교사를 대체할 것이라는 불안 대신, 교사의 역할이 어떻게 달라지는지를 묻는다. AI를 단순 도구가 아니라 수업 설계의 협력자로 다루며, 교사가 학생에게 더 깊이 다가가기 위해 어떤 역량을 갖춰야 하는지 제시한다.","TRUE","7","교사역할|교육혁신|협력학습|교수설계|AI활용|교육기술|교사역량","=653  \\$a교사역할$a교육혁신$a협력학습$a교수설계$aAI활용$a교육기술$a교사역량",""
"기술과학","9791143026866","2026-05-28","AI 시대의 공영 미디어 전략","김정환 (지은이)","국내도서>컴퓨터/모바일>인공지능","AI와 알고리즘이 미디어 질서를 재편하는 상황에서 KBS를 중심으로 공영방송의 존재 이유와 혁신 방향을 묻는다. 공영방송은 이제 AI 혁명이라는 더 큰 파도 앞에 섰다. 위기 분석에 머물지 않고, 사명과 비전의 재정의, 뉴스·제작·편성·기술·경영 혁신, 조직 문화 변화까지 포함한 실행 전략을 제시한다.","TRUE","6","공영방송|알고리즘|방송기술|조직문화|경영혁신|뉴스제작","=653  \\$a공영방송$a알고리즘$a방송기술$a조직문화$a경영혁신$a뉴스제작",""
"기술과학","9791143026903","2026-05-28","[큰글자책] AI 수업 설계","이다연 (지은이)","국내도서>컴퓨터/모바일>인공지능","AI 시대 교사의 역할 변화를 다룬 교육서다. AI를 행정 업무와 자료 제작을 돕는 도구를 넘어 수업 설계의 협력자로 바라보며, 교사가 학생에게 더 깊이 다가가기 위해 필요한 교육적 판단과 역량을 함께 제시한다.","TRUE","7","교육혁신|교사역할|수업디자인|교육기술|AI활용|교사역량|교육협력","=653  \\$a교육혁신$a교사역할$a수업디자인$a교육기술$aAI활용$a교사역량$a교육협력",""
"기술과학","9791175700550","2026-05-15","피지컬 AI","유형근, 이정헌 (지은이)","국내도서>컴퓨터/모바일>인공지능","","TRUE","7","로봇공학|인공지능응용|자율주행|센서기술|기계학습|인공지능로봇|휴머노이드","=653  \\$a로봇공학$a인공지능응용$a자율주행$a센서기술$a기계학습$a인공지능로봇$a휴머노이드",""
"기술과학","9791143026934","2026-05-28","[큰글자책] 로봇 의식론","정대현 (지은이)","국내도서>컴퓨터/모바일>인공지능","로봇 의식의 가능성을 철학적으로 탐구하는 책이다. 데카르트 이원론과 주관적 경험 개념을 검토하고, 음양론·양자물리학·가상현실론 등을 통해 인간만이 의식을 독점한다는 전제를 비판적으로 살펴본다.","TRUE","7","로봇철학|의식철학|이원론|주관적경험|양자물리학|가상현실|인공지능윤리","=653  \\$a로봇철학$a의식철학$a이원론$a주관적경험$a양자물리학$a가상현실$a인공지능윤리",""
"기술과학","9791143026927","2026-05-28","로봇 의식론","정대현 (지은이)","국내도서>컴퓨터/모바일>인공지능","로봇 의식의 가능성을 철학적으로 탐구하는 책이다. 데카르트 이원론과 주관적 경험 개념을 검토하고, 음양론·양자물리학·가상현실론 등을 통해 인간만이 의식을 독점한다는 전제를 비판적으로 살펴본다.","TRUE","7","로봇철학|의식탐구|이원론|주관적경험|양자물리학|가상현실|인공지능윤리","=653  \\$a로봇철학$a의식탐구$a이원론$a주관적경험$a양자물리학$a가상현실$a인공지능윤리",""
"기술과학","9791176560061","2026-05-21","역노화 솔루션 - 무기력한 당신을 위한 비밀 처방전","장일영 (지은이)","국내도서>건강/취미>건강정보>노인건강","KBS &lt;생로병사의 비밀&gt; 출연 노년내과 전문의이자, 정부의 노쇠 예방 프로젝트를 성공적으로 선도한 자타공인 노화 전문가 장일영 교수. 그가 15년간 수만 명의 환자를 진료하고 11년 넘게 1,800여 명의 어르신을 추적 관찰하며 밝혀낸 ‘나이 듦’의 생리학적 오류와 진짜 회복의 비밀을 최초로 공개한다.","TRUE","6","노화방지|노쇠예방|노인건강|생리학적오류|회복비밀|노년내과","=653  \\$a노화방지$a노쇠예방$a노인건강$a생리학적오류$a회복비밀$a노년내과",""
"기술과학","9791194124214","2026-06-10","김소월 시 필사 나는 쓴다 - 시니어를 위한 하루 10분 마음정리 예쁜글씨 교정!","김소월 (지은이)","국내도서>건강/취미>건강정보>노인건강","흙냄새 나는 향토적인 시어와 가슴 깊은 곳에서 우러나오는 우리 민족의 정서를 애절한 사랑의 독백으로 노래한 시인 김소월의 시를 담은 필사책이다. 이 책은 단순히 글씨를 따라 쓰는 연습장이 아니라, 시를 읽고 마음을 쉬게 하며 천천히 손글씨를 가꾸어 가는 시간을 위해 만들어졌다.","TRUE","6","손글씨|캘리그래피|마음치유|노인활동|필사연습|정서안정","=653  \\$a손글씨$a캘리그래피$a마음치유$a노인활동$a필사연습$a정서안정",""
"기술과학","9788963565545","2026-04-30","시니어스포츠의 이해","조서연 (지은이)","국내도서>건강/취미>건강정보>노인건강","우리 사회는 나이가 들면 활동을 줄이고, 조심하며, 삶을 정리해야 한다고 말해왔다. 그러나 현장에서 수많은 시니어들을 만나며 확신하게 되었다. 나이는 끝이 아니라 새로운 시작이 될 수 있으며, 그 시작은 ‘움직임’에서 비롯된다는 사실이다. 이 책은 시니어의 삶을 이해하고, 그들의 몸과 마음을 존중하며, 더 나은 삶으로 나아가도록 돕는 방법을 함께 배우는 안내한다.","TRUE","7","노인운동|건강증진|신체활동|삶의질|움직임치료|노인체력|활동증진","=653  \\$a노인운동$a건강증진$a신체활동$a삶의질$a움직임치료$a노인체력$a활동증진",""
"기술과학","9791194630456","2026-05-15","10년 젊어지는 시니어 건강 습관 - 매일 먹는 시니어 건강 식품 추천부터 놓치기 쉬운 건강 상식 모음","곽민철, 정희철, 이종화 (지은이)","국내도서>건강/취미>건강정보>건강에세이/건강정보","단순히 ‘오래 사는 법’이 아니라, ‘아프지 않고 활기차게 품격 있는 노년을 보내는 법’을 구체적으로 제시한다. 아침 식단의 작은 변화부터 혈당 관리, 영양제의 올바른 선택법은 물론, 현직 치과의사로서 전하는 잇몸 건강 비결까지 시니어의 일상을 파고드는 실무적 정보를 가득 담았다.","TRUE","5","노년건강|혈당관리|영양제선택|잇몸건강|아침식단","=653  \\$a노년건강$a혈당관리$a영양제선택$a잇몸건강$a아침식단",""
"기술과학","9791156163305","2026-05-08","시니어 스트레칭 - 액티브 시니어를 위한 맞춤 운동","박서희 (지은이)","국내도서>건강/취미>건강운동>요가/체조/스트레칭","중년기를 지나면 몸은 이전과 달라진다. 관절은 점차 뻣뻣해지고, 근육은 줄어들며, 움직임도 한층 둔해진다. 이럴수록 변화한 몸에 맞는 운동이 필요하다. &lt;시니어 스트레칭&gt;은 신체 변화가 본격화되는 중장년층과 액티브 시니어를 위한 맞춤형 운동 가이드이다.","TRUE","6","중장년운동|관절건강|근력강화|유연성운동|신체변화|건강관리","=653  \\$a중장년운동$a관절건강$a근력강화$a유연성운동$a신체변화$a건강관리",""
"기술과학","9791176212106","2026-05-06","인지기능이 약해지는 증상엔 이렇게 운동해야 한다 - 이젠 치매라 부르지 말자","손준구 (지은이)","국내도서>건강/취미>건강정보>두뇌건강","운동의 내용과 방법에 따라 약이 되기도, 독이 되기도 한다. 이 책은 30년 이상 이 분야를 연구하고 적용했던 저자의 오랜 노하우와 최근 전문적 연구를 방대하게 참고해 집필했다. 이 책을 통해 치매를 예방하고 치료할 운동의 관점과 방법들을 찾아보자.","TRUE","7","두뇌운동|인지훈련|치매예방|운동치료|인지건강|기억력강화|두뇌활성화","=653  \\$a두뇌운동$a인지훈련$a치매예방$a운동치료$a인지건강$a기억력강화$a두뇌활성화",""
"예술","9788955925050","2026-04-30","그림 속으로 들어온 궁궐과 도시 - 동아시아 시각문화 교류와 조선 후기 궁중 건축화의 탄생, 제16회 심원건","윤민용 (지은이)","국내도서>예술/대중문화>건축>건축이론/비평/역사","조선 후기 궁중회화에 보이는 갑작스럽고 거대한 시각적 혁신의 동인을 ‘동아시아 시각문화 교류’라는 관점에서 추적하고 분석한 미술사 연구서이다. 저자는 실재하는 궁궐을 그린 궁궐도, 도시를 재현한 성시도, 상상의 궁궐을 그린 한궁도 등 건축물을 주제로 한 ‘건축화’를 연구대상으로 삼는다.","TRUE","6","조선건축|궁궐회화|건축비평|시각혁신|미술사연구|건축역사","=653  \\$a조선건축$a궁궐회화$a건축비평$a시각혁신$a미술사연구$a건축역사",""
"예술","9791199741201","2026-05-12","조선은행 - 엔 통화권의 흥망","다다이 요시오 (지은이), 지용호 (옮긴이)","국내도서>역사>조선사>조선문화예술사","약진하는 대한민국 경제의 심장인 한국은행, 그 견고한 시스템의 뿌리는 어디에 있는가? 『조선은행: 엔 통화권의 흥망』(다다이 요시오 저)가 최근 번역 출간되었다. 이 책은 일제강점기 제국주의 일본의 대륙 침략을 뒷받침했던 일본의 거대 국책은행 '조선은행'의 역사를 통해, 우리가 그동안 몰랐던 근현대 동아시아 금융사의 민낯을 집요하게 추적한다.","TRUE","7","일제강점기|동아시아금융사|제국주의경제|조선문화사|금융제도|근현대사|일본제국주의","=653  \\$a일제강점기$a동아시아금융사$a제국주의경제$a조선문화사$a금융제도$a근현대사$a일본제국주의",""
"예술","9791189074920","2026-04-30","옛 그림 속의 우리 나무 - 나무학자와 거니는 우리 그림 속 뜰과 숲","박상진 (지은이)","국내도서>예술/대중문화>미술>한국미술","산수·인물·화조·기록화 등 분야를 가리지 않고 나무가 가득한 우리 옛 그림. 그 화폭에서 나무는 그림의 분위기를 전하는 조연으로, 또는 화가의 뜻을 대변하는 주연으로 생생히 숨 쉬고 있다. 60여 년간 숲과 나무에 담긴 우리 역사와 문화를 연구해 온 나무학자 박상진 교수는 우리 그림 중 48점을 엄선해 ‘나무’라는 새로운 관점으로 재조명한다.","TRUE","7","한국회화|산수화|인물화|화조화|기록화|전통미술|문화재해석","=653  \\$a한국회화$a산수화$a인물화$a화조화$a기록화$a전통미술$a문화재해석",""
"예술","9791124272374","2026-05-29","안토니 가우디, 삶과 일","아르만드 푸치 (지은이), 송병선 (옮긴이)","국내도서>예술/대중문화>건축>건축이야기/건축가","가우디 서거 100주년을 맞는 올해, 스페인 바르셀로나의 사그라다 파밀리아 성당이 144년 만에 완성을 앞두고 마침내 그 모습을 드러낸다. 《안토니 가우디, 삶과 일》은 건축가 안토니 가우디의 삶의 여정을 따라가며 그의 인생과 작품, 그리고 사상을 조명한다.","TRUE","7","사그라다파밀리아|바르셀로나건축|건축사상|현대건축|스페인건축|건축가이야기|건축유산","=653  \\$a사그라다파밀리아$a바르셀로나건축$a건축사상$a현대건축$a스페인건축$a건축가이야기$a건축유산",""
"예술","9791198872722","2026-04-30","설계경기 코멘터리 #1 (commentary on architecture competition #1)","스코어러 (지은이)","국내도서>예술/대중문화>건축>건축이야기/건축가","『commentary』는 설계경기의 결과가 아니라, 그에 이르는 과정에 다가가고자 한다. 그것은 많은 시간과 노력으로 작품을 만들어내는 건축가들이 지니고 있는 질문이기도 하다. 설계경기는 앞으로의 건축을 위한 자산이다. 단순히 당선자를 선정하기 위한 절차적 목적을 넘어, 수많은 아이디어들이 제안되고 그에 대한 전문가들의 숙고와 논의가 이루어지는 담론의 생산장이기 때문이다.","TRUE","7","건축담론|건축설계|건축가|아이디어경쟁|건축과정|건축자산|전문가논의","=653  \\$a건축담론$a건축설계$a건축가$a아이디어경쟁$a건축과정$a건축자산$a전문가논의",""
"예술","9791188679324","2026-05-05","한국건축역사학회 창립기 - 역대 회장이 이야기하는","우동선 (기획)","국내도서>예술/대중문화>건축>건축이야기/건축가","1991년 6월 15일 경복궁 영추문 안 문화재관리국 별관 지하 강당에 200여 명의 사람이 모였다. 한국건축역사학회 창립총회, 발기인 총회에 참석하기 위해 모인 사람들이다. 17번째 한국건축역사학회 회장이었던 우동선 교수가 여덟 분의 한국건축역사학회 역대 회장을 만났다.","TRUE","6","한국건축사|건축가|건축학회|건축문화|건축이론|건축사조","=653  \\$a한국건축사$a건축가$a건축학회$a건축문화$a건축이론$a건축사조",""
"예술","9771739284009","2026-05-01","BOB MAGAZINE No.262 - 2026.5","BOB 편집부 (지은이)","국내도서>잡지>대중문화/예술","건축·인테리어 전문지 월간 BOB는 2004년 창간 이후 타이포그래피와 독특한 표지로 포트폴리오형 구성을 선보인다. 사진, 도면, 3D 모델링 등 핵심 자료를 담고 국내외 건축가와 신진 디자이너의 최신 작업을 통해 세계 디자인 흐름을 전한다.","TRUE","7","건축디자인|인테리어디자인|타이포그래피|포트폴리오구성|3D모델링|세계디자인|신진디자이너","=653  \\$a건축디자인$a인테리어디자인$a타이포그래피$a포트폴리오구성$a3D모델링$a세계디자인$a신진디자이너",""
"예술","9788979294859","2026-05-07","ROOM 룸 - 인테리어 디자이너가 기록한 취향의 공간 72","니켄 스페이스 디자인 (지은이), 김미화 (옮긴이)","국내도서>예술/대중문화>미술>미술 실기","일본의 세계적인 설계 그룹 '니켄 스페이스 디자인'의 디자이너들이 선배들의 집 72곳을 직접 방문해, 구석구석 실측하고 이를 그려 낸 특별한 집들이의 기록이다. 이 책의 왼쪽 페이지에는 집 주인인 디자이너에게 집의 의미를 묻는 인터뷰를 담았고, 오른쪽 페이지에는 줄자로 직접 재어 그린 정밀한 평면도와 현장의 에피소드를 스케치로 펼쳐 보인다.","TRUE","5","주거공간|평면도|공간설계|미술실기|미술","=653  \\$a주거공간$a평면도$a공간설계$a미술실기$a미술",""
"예술","9791191131307","2026-05-15","파리, 지속 가능한 도시의 속삭임 - 오래된 미래를 꿈꾸다","김성훈 (지은이)","국내도서>예술/대중문화>건축>건축이론/비평/역사","한불수교 140주년 공식 프로젝트로 선정된 이 책은 오랜 기간 파리에서 유학·실무를 쌓은 건축가 김성훈의 오랜 성찰을 담은 건축 에세이다. 파리라는 도시를 단순한 낭만과 예술의 공간이 아닌, 철저한 계획과 공공 철학 위에 세워진 ‘지속 가능 혁명의 실험장’으로 재조명한다.","TRUE","7","지속가능건축|도시계획|공공철학|건축비평|파리건축|환경디자인|건축역사","=653  \\$a지속가능건축$a도시계획$a공공철학$a건축비평$a파리건축$a환경디자인$a건축역사",""
"예술","9791124274705","2026-04-30","세계 유명 박물관의 아트 디자인 모음집","하랑출판 편집부 (지은이)","국내도서>예술/대중문화>건축>건축이야기/건축가","","TRUE","5","박물관건축|현대건축|건축가|공간예술|건축사조","=653  \\$a박물관건축$a현대건축$a건축가$a공간예술$a건축사조",""
"예술","9791124274699","2026-04-30","아름다움을 창조하는 아트 디자인","하랑출판 편집부 (지은이)","국내도서>예술/대중문화>건축>건축이야기/건축가","","TRUE","5","건축가|건축미학|현대건축|건축철학|건축예술","=653  \\$a건축가$a건축미학$a현대건축$a건축철학$a건축예술",""
"예술","9788963476957","2026-05-22","불과 흙, 인고의 시간을 지나 빚어진 중국고대도자","권규산, 맹원소 (지은이), 나상철 (옮긴이)","국내도서>예술/대중문화>미술>미술사","약 1만 2천 년 전 등장한 도기에서부터 상·주 시대의 원시자기(原始瓷器: 초기 단계의 자기), 그리고 송·원 시대의 전성기와 명·청 시대 경덕진 가마에 이르기까지 중국 도자의 형성과 발전 과정을 고고학적 발견과 연구 성과를 통해 종합적으로 살펴본 책이다.","TRUE","7","중국도자기|고대도자기|원시자기|경덕진가마|도자기역사|고고학발견|도자기발전","=653  \\$a중국도자기$a고대도자기$a원시자기$a경덕진가마$a도자기역사$a고고학발견$a도자기발전",""
"예술","9791168554573","2026-05-12","보석, 공예에게 길을 묻다","김연경 (지은이)","국내도서>예술/대중문화>디자인/공예>공예/도자","보석을 단순한 장신구나 공예의 하위 범주로 다루지 않는다. 저자는 “Why!?”라는 단순하지만 근본적인 물음에서 출발해, 왜 수만 년의 역사를 지닌 공예조차 미술의 중심에서 밀려났는지, 왜 보석은 독자적인 담론과 이론을 갖지 못한 채 기술의 영역에 머물러 있는지를 정면으로 추적한다.","TRUE","6","보석디자인|공예역사|장신구문화|미술사조|디자인철학|예술담론","=653  \\$a보석디자인$a공예역사$a장신구문화$a미술사조$a디자인철학$a예술담론",""
"예술","9788978017824","2026-04-29","고려시대 의례와 향로","이용진 (지은이)","국내도서>종교/역학>불교>불교예술/사찰","고려시대 불교의례와 왕실의례 속에서 사용된 다양한 향로를 중심으로 그 기원과 형태, 기능, 그리고 상징성을 입체적으로 조명한다. 저자는 오랜 박물관 실무 경험과 현장 조사, 그리고 축적된 연구 성과를 바탕으로 향로를 단순한 유물이 아닌 ‘의례의 언어’로 읽어낸다.","TRUE","7","불교의례|향로상징|왕실의례|불교예술|의례문화|향로기원|사찰문화","=653  \\$a불교의례$a향로상징$a왕실의례$a불교예술$a의례문화$a향로기원$a사찰문화",""
"예술","9788991555563","2026-05-11","옥상훈의 ~타기 - 현단계 한국 무용의 단면들 I, 2006~2025","옥상훈 (지은이)","국내도서>예술/대중문화>무용>무용이야기/무용가","무용 사진가 옥상훈이 2006년부터 2025년까지, 20년간 무용의 현장에서 포착해 온 사진과 글을 한 권에 모았다. 『옥상훈의 ~타기』는 현 단계 한국 무용 공연의 단면들을 쉬운 글과 뛰어난 비주얼로 접할 수 있는 전무후무한 책이다.","TRUE","6","무용사진|현대무용|무용공연|무용가|비주얼아트|무용역사","=653  \\$a무용사진$a현대무용$a무용공연$a무용가$a비주얼아트$a무용역사",""
"교육","9791158088552","2026-05-08","SPSS 통계분석 - 제6판","김용대, 박진경 (지은이)","국내도서>대학교재/전문서적>경상계열>통계","통계학 입문자와 비전공자를 위한 SPSS 통계분석 교재다. 자료 입력부터 분석, 해석, 결론 도출까지 전 과정을 예제와 함께 구성했으며 최신 버전의 SPSS 사용법과 통계 이론을 균형 있게 학습할 수 있다. 결과 해석의 중요성과 통계적 원리를 함께 이해할 수 있도록 정리했다.","TRUE","7","통계학습|자료분석|결과해석|통계이론|비전공자|데이터처리|통계원리","=653  \\$a통계학습$a자료분석$a결과해석$a통계이론$a비전공자$a데이터처리$a통계원리",""
"교육","9791130396781","2026-05-20","알기 쉬운 보험 계리","박정훈 (지은이)","국내도서>대학교재/전문서적>경상계열>세무/회계","알기 쉬운 보험 계리를 다루는 교재다. Chapter 1 기본 개념, Chapter 2 데이터 및 가정(Assumptions), Chapter 3 계리 모델링, Chapter 4 IFRS17 보험부채 평가, Chapter 5 리스크 관리, Chapter 6 보험회사 기업가치 평가로 구성되어 있다.","TRUE","6","계리모델링|IFRS17|리스크관리|기업가치평가|데이터가정|보험부채평가","=653  \\$a계리모델링$aIFRS17$a리스크관리$a기업가치평가$a데이터가정$a보험부채평가",""
"교육","9791160643909","2026-05-27","2026 포인트 부가가치세 실무 - 꼭 필요한 실무내용만 짚어주는!, 제4판","김태원, 장윤서 (지은이)","국내도서>대학교재/전문서적>경상계열>세무/회계","주요 쟁점별로 신고서식과 필요한 첨부서류를 목록의 나열이 아닌, 작성사례를 통해 보여준다. 과세여부를 판단하고 세금계산서를 발급해가는 과정, 부가가치세 신고기간에 신고서를 작성해가는 과정에 대한 전반적인 내용을 1편과 2편에서 기술하였다.","TRUE","6","세무회계|세금계산서|과세판단|신고서작성|세무실무|첨부서류","=653  \\$a세무회계$a세금계산서$a과세판단$a신고서작성$a세무실무$a첨부서류",""
"교육","9791167845702","2026-05-28","전략적 내부회계관리","임근석, 박민수 (지은이)","국내도서>대학교재/전문서적>경상계열>세무/회계","내부회계관리를 ‘감사 대응’이 아닌 ‘경영관리’ 관점에서 재정의한다. KPI-KRI-통제를 하나의 관리 흐름으로 연결하고, 영업·생산·구매·재고·자금·회계까지 메가 프로세스 기반 실무 사례를 담았다. AI 시대 데이터 기반 운영과 통제의 변화도 함께 다룬다.","TRUE","7","경영관리|내부통제|데이터기반|프로세스관리|KPI|AI시대|회계실무","=653  \\$a경영관리$a내부통제$a데이터기반$a프로세스관리$aKPI$aAI시대$a회계실무",""
"교육","9791167845696","2026-05-28","2026 최신판 부가가치세법강의","이준봉 (지은이)","국내도서>대학교재/전문서적>경상계열>세무/회계","부가가치세법의 과세체계와 본질론을 심층적으로 분석한 전문서. 국내외 판례와 EU 부가가치세 지침, 실무 쟁점을 종합적으로 검토했으며, 부가가치세법 체계와 개별 규정에 대한 이론적·실무적 이해를 돕도록 구성했다.","TRUE","6","세무회계|과세체계|세법판례|EU세법|세무실무|세법이론","=653  \\$a세무회계$a과세체계$a세법판례$aEU세법$a세무실무$a세법이론",""
"교육","9791199790230","2026-05-18","2026 법인세 해설과 조정실무","노승현 (지은이)","국내도서>대학교재/전문서적>경상계열>세무/회계","","TRUE","6","세무회계|세무실무|회계원리|세무전략|조세정책|회계기준","=653  \\$a세무회계$a세무실무$a회계원리$a세무전략$a조세정책$a회계기준",""
"교육","9791167845634","2026-05-18","2026 가업승계와 상속.증여세 - 기업상속공제 중심","김주석, 김정수 (지은이)","국내도서>대학교재/전문서적>경상계열>세무/회계","가업승계와 관련된 최초의 상속·증여세 테마형 해설서. 가업상속공제와 과세특례 제도의 내용과 개정사항을 입체적으로 분석·정리했다. 190여 개 해석사례와 심판례를 유형별로 수록해 제도의 이해와 활용에 도움을 준다.","TRUE","5","상속세|세무회계|과세특례|세법개정|경상계열","=653  \\$a상속세$a세무회계$a과세특례$a세법개정$a경상계열",""
"교육","9791167845467","2026-05-12","국제조세론 - 전면개정판","김명준 (지은이)","국내도서>대학교재/전문서적>경상계열>세무/회계","다국적기업과 대기업 국제거래 세무조사를 직접 기획 및 집행한 국제조세 전문가의 풍부한 식견과 노하우가 담긴 저서다. BEPS 프로젝트 추진, 글로벌최저한세 도입 등 최근 국제조세체계 개혁 논의와 시사점을 그림, 도표, 사례를 통해 쉽게 설명하고 있다.","TRUE","7","다국적기업|세무조사|BEPS프로젝트|글로벌최저한세|국제거래|조세체계개혁|세무전략","=653  \\$a다국적기업$a세무조사$aBEPS프로젝트$a글로벌최저한세$a국제거래$a조세체계개혁$a세무전략",""
"교육","9788966227402","2026-05-09","처음 만나는 회계원리 2 - 재무제표 항목별 회계와 현금흐름표","강연수 (지은이)","국내도서>대학교재/전문서적>경상계열>세무/회계","","TRUE","5","재무회계|회계기초|재무관리|회계학습|경상계열","=653  \\$a재무회계$a회계기초$a재무관리$a회계학습$a경상계열",""
"교육","9791160643886","2026-04-30","2026 한눈에쏙쏙 인건비 & 4대보험실무 - 개정 15판","김성중, 진성규 (지은이)","국내도서>대학교재/전문서적>경상계열>세무/회계","인건비를 중심으로 세무, 노무, 4대보험 분야를 총망라한 실무지침서다. 최신 법령 개정과 판례를 반영한 임금·퇴직급여·원천징수·4대보험 관리 정리, 통상임금 기준과 노무 리스크 쟁점, 연말정산·간이세액표 등 최신 실무사항까지 보완했다.","TRUE","6","세무실무|노무관리|임금관리|퇴직급여|원천징수|연말정산","=653  \\$a세무실무$a노무관리$a임금관리$a퇴직급여$a원천징수$a연말정산",""
"교육","9791130310268","2026-06-01","패권의 물리학 - 팍스 몽골리카에서 팍스 아메리카나까지","장재혁 (지은이)","국내도서>대학교재/전문서적>인문계열>인문학 일반","국제질서가 본질적으로 힘에 의해 유지된다는 전제 아래, 패권국의 탄생과 쇠퇴를 물리학의 원리로 해석한 국제정치 이론서다. 고전역학·상대성 이론·양자역학의 개념을 바탕으로 국제정치의 힘의 흐름을 ‘패권 에너지HE’라는 개념으로 설명하며, 미국 이후 세계질서의 향방을 새로운 관점에서 분석한다.","TRUE","7","국제정치|패권이론|힘의역학|국제질서|고전역학|상대성이론|양자역학","=653  \\$a국제정치$a패권이론$a힘의역학$a국제질서$a고전역학$a상대성이론$a양자역학",""
"교육","9791160783971","2026-05-22","영어! 뭘 대단한 것을 가르친다고?","채유태 (지은이)","국내도서>외국어>영문법","어려운 문법을 배우지 않고 영어독해를 쉽게 가능하게 한 내용을 담고 있다. 시험을 위한 영어 문법은 시험만 끝나면 머릿속에서 사라지게 된다. 이해는 없고 수학공식처럼 암기했기에 문법 문제는 풀지만 읽고, 말하기도 못 하는 영어에 해답을 제시한다.","TRUE","7","영문법|영어독해|문법암기|영어말하기|영어이해|영어공부법|시험영어","=653  \\$a영문법$a영어독해$a문법암기$a영어말하기$a영어이해$a영어공부법$a시험영어",""
"교육","9791168624887","2026-05-20","영숙어 교과서 - 한 번 읽으면 절대 잊을 수 없는","마키노 도모카즈 (지은이), 박수현 (옮긴이)","국내도서>외국어>영어어휘","좀 더 손쉽게 영숙어를 학습할 수 있는 방법을 소개하고 있다. 그것은 바로 유추와 유의어(유사 표현)이다. 영숙어는 결코 무작위로 조합된 것이 아니고, 영숙어를 구성하는 단어는 대부분 중학교와 고등학교에서 배우는 기본적인 것들이라 대부분 의미를 유추할 수 있다. 또한 이 책에서는 기본적으로 숙어 하나당 최소한 하나 이상의 유의어를 함께 소개한다.","TRUE","7","영어숙어|유의어학습|영어표현|중고등영어|영어학습법|어휘확장|유추학습","=653  \\$a영어숙어$a유의어학습$a영어표현$a중고등영어$a영어학습법$a어휘확장$a유추학습",""
"교육","9791112183316","2026-04-26","처음 만나는 알파벳 라임 이야기 2권 - My First Alphabet Rhyme Book","퀸즈미라클 강은숙 (지은이)","국내도서>외국어>영어학습법","","TRUE","7","영어학습|유아영어|기초영어|영어교육|어린이영어|영어발음|영어동요","=653  \\$a영어학습$a유아영어$a기초영어$a영어교육$a어린이영어$a영어발음$a영어동요",""
"교육","9791193614389","2026-04-27","키다리 아저씨 1","진 웹스터 (지은이), 이예은 (옮긴이)","국내도서>외국어>영어학습법","하루 한 통 영어 편지를 따라 쓰며 진정한 행복의 비밀을 발견해 보자. 제루샤와 수수께끼 후원자 키다리 아저씨의 성장과 치유의 여정을 담았다.","TRUE","7","영어편지|영어쓰기|영어독해|성장여정|행복발견|영어학습|자기계발","=653  \\$a영어편지$a영어쓰기$a영어독해$a성장여정$a행복발견$a영어학습$a자기계발",""
"자기계발","9791194114130","2026-05-18","부자가 되는 과학적인 방법 필사책 - 쓰기만 해도 부자가 된다","월리스 D. 워틀스 (지은이)","국내도서>자기계발>성공>성공학","1910년 출간 이후 100년 넘게 전 세계 아마존 베스트셀러 순위에서 내려온 적 없는 부의 고전, 월러스 D.워틀스의 『부자가 되는 과학적인 방법』, 『건강의 과학』, 『위대함의 과학』 시리즈. 이 책들은 현대 성공학 고전들의 사상적 뿌리가 되었다. 이제 그 원전의 핵심 가르침을 필사책으로 만나게 된다.","TRUE","7","부의원리|자기계발|성공습관|목표달성|자기효능감|부자마인드|재정관리","=653  \\$a부의원리$a자기계발$a성공습관$a목표달성$a자기효능감$a부자마인드$a재정관리",""
"자기계발","9788927881704","2026-05-28","예술이라 부르지 마!","오스틴 클레온 (지은이), 진주 K. 가디너 (옮긴이)","국내도서>자기계발>성공>성공학","전 세계 독자들의 사랑을 받은 오스틴 클레온의 신작 《예술이라 부르지 마!: DON`T CALL IT ART》가 2026년 5월 말 전 세계 최초로 한국에서 선출간된다. 이 책은 미국에서 밀리언셀러를 기록한 오스틴 클레온의 최신작으로, 미국 본판은 2026년 6월 2일 출간 예정이다.","TRUE","7","창의성|아이디어발상|자기표현|도전심리|실패극복|자기계발|창작기법","=653  \\$a창의성$a아이디어발상$a자기표현$a도전심리$a실패극복$a자기계발$a창작기법",""
"자기계발","9791163385189","2026-05-30","AI 시대의 갈등 ! 심리학이 답하다","정성훈 (지은이)","국내도서>자기계발>성공>성공학","AI가 업무를 대신하고 조직의 시스템을 바꾸는 시대. 변화하는 시대 속에서 직장인과 리더들이 반드시 마주해야 하는 ‘관계와 갈등’의 문제를 심리학적으로 풀어낸 실전형 갈등관리서이다.","TRUE","7","갈등관리|심리기제|조직변화|관계개선|직장심리|리더십|변화대응","=653  \\$a갈등관리$a심리기제$a조직변화$a관계개선$a직장심리$a리더십$a변화대응",""
"자기계발","9791157848843","2026-05-29","크리에이터 김연지의 돈 되는 AI 콘텐츠 설계 - 프롬프트로 기획하고 하네스 엔지니어링으로 완성하는 상위 1","김연지 (지은이)","국내도서>자기계발>성공>성공학","AI와 씨름하며 지쳐가는 창작자들을 위해 ‘하네스 엔지니어링'이라는 새로운 콘텐츠 제작 패러다임을 제시한다. 쉽게 말해 ‘AI가 흔들림 없이 일할 수 있는 환경 설계법’이라 할 수 있다. 11년 차 기자이자 12만 구독자를 보유한 크리에이터 김연지가 실전 경험을 바탕으로 구축한 노하우이다.","TRUE","5","프롬프트활용|수익모델|디지털창작|AI활용법|성공학","=653  \\$a프롬프트활용$a수익모델$a디지털창작$aAI활용법$a성공학",""
"자기계발","9791176430180","2026-05-28","교사가 살아야 교실이 산다","김태훈 (지은이)","국내도서>자기계발>성공>성공학","흔들리는 교권과 번아웃의 폭풍 속에서 완벽한 교육자의 가면을 쓴 채 홀로 숨을 고르는 선생님들을 위한 단단한 내면 회복 지침서다. 저자는 교실을 살리는 힘이 교사의 무결함이 아닌 ‘자기 인식’에 있음을 짚어내며, 감정적 버튼을 관리하고 정서적 방어선을 구축하는 법을 제시한다.","TRUE","6","번아웃|감정관리|정서방어|교권회복|내면회복|교육자역할","=653  \\$a번아웃$a감정관리$a정서방어$a교권회복$a내면회복$a교육자역할",""
"자기계발","9791112191977","2026-05-11","AI시대, 캡스톤디자인이 답이다","김근영 (지은이)","국내도서>자기계발>성공>성공학","","TRUE","7","창의적사고|문제해결능력|팀워크|프로젝트관리|미래역량|혁신기술|자기주도학습","=653  \\$a창의적사고$a문제해결능력$a팀워크$a프로젝트관리$a미래역량$a혁신기술$a자기주도학습",""
"자기계발","9791194534808","2026-05-29","책을 읽지 않는 사람에게 책을 팔아라 - 팔리지 않는 시대에 대 히트를 만들어내는 비밀","나가마쓰 시게히사 (지은이), 신현암 (옮긴이)","국내도서>자기계발>성공>성공학","책이 팔리지 않는 시대라고들 말한다. 서점은 줄어들고 사람들은 예전만큼 책을 가까이하지 않는다. 그러나 정말 책이 팔리지 않는 것일까. 아니면 아직 책을 읽지 않는 사람에게 닿지 못하고 있을 뿐일까? 이 책은 바로 이 질문에서 시작한다.","TRUE","7","마케팅전략|독자분석|판매기법|시장조사|고객심리|콘텐츠기획|독서문화","=653  \\$a마케팅전략$a독자분석$a판매기법$a시장조사$a고객심리$a콘텐츠기획$a독서문화",""
"자기계발","9791124370988","2026-06-03","말투만 바꿨을 뿐인데 (10만 부 기념 개정판)","김민성 (지은이)","국내도서>자기계발>협상/설득/화술>화술","10만 독자가 선택한 베스트셀러, 『말투만 바꿨을 뿐인데』가 더욱 깊어진 내용과 함께 개정판으로 돌아왔다. 단 한마디의 말투가 인간관계는 물론 자존감, 그리고 인생의 방향까지 바꿀 수 있다는 사실을 이 책은 가장 현실적이고 따뜻한 방식으로 보여준다.","TRUE","7","화법기술|자기표현|대화기법|자존감향상|인간관계|커뮤니케이션능력|설득기술","=653  \\$a화법기술$a자기표현$a대화기법$a자존감향상$a인간관계$a커뮤니케이션능력$a설득기술",""
"자기계발","9791130398037","2026-04-30","일본에서 배우는 이공계 유학생 - 교육·연구·유학 생활","오타 아키라 (지은이), 엄인경 (옮긴이)","국내도서>자기계발>취업/진로/유망직업>해외취업/이민/유학.연수","일본 내의 이공계 유학을 둘러싼 교육과 연구, 그리고 생활의 전 과정을 하나의 축으로 꿰어낸 책이다. 학부 입학 전의 예비교육, 전공 기초지식, 대학에서 필요한 아카데믹 일본어, 대학원 연구실 환경과 연구 생활, 그리고 졸업 후 취업에 이르기까지. 이공계 유학생이 걸어가는 길을 단계별로 조망하였다.","TRUE","6","해외취업|아카데믹일본어|연구실환경|취업전략|전공기초|예비교육","=653  \\$a해외취업$a아카데믹일본어$a연구실환경$a취업전략$a전공기초$a예비교육",""
"자기계발","9791199426672","2026-05-15","당신이 찾는 강사들 - 검증된 분야별 전문가 50인 프로필","우경하 (지은이)","국내도서>자기계발>성공>성공학","50인의 강사가 직접 자신의 이야기를 썼다. 화려한 소개글이 아니다. 어떤 길을 걸어왔는지, 무엇을 가장 잘 가르칠 수 있는지, 어떤 사람들 앞에 섰을 때 가장 빛나는지를 담은 진짜 이야기다.","TRUE","7","자기계발|커리어개발|강의기법|전문성향상|자기표현|성장전략|멘토링","=653  \\$a자기계발$a커리어개발$a강의기법$a전문성향상$a자기표현$a성장전략$a멘토링",""
"자기계발","9791192907994","2026-05-30","인사이트 펩 토크 - 말 한마디가 팀을 살린다. 잔소리 말고 펩 토크!","우승현 (지은이)","국내도서>자기계발>협상/설득/화술>화술","저자는 오랫동안 스포츠 명장들의 펩 토크를 관찰하며 하나의 공통점을 발견했다. 진짜 강력한 펩 토크는 구성원의 감정적 흥분만 유발하고 끝나지 않는다는 점이다. 팀원의 사고와 행동을 변화시키며, 일을 바라보는 관점을 바꿔준다. 그리고 이는 성과로 이어진다. 저자는 다양한 조직에서 리더 경험을 쌓으며 이 원리가 기업 조직에도 그대로 적용된다는 사실을 체감하고 이 책을 썼다.","TRUE","6","리더십|조직문화|성과향상|동기부여|팀워크|커뮤니케이션기술","=653  \\$a리더십$a조직문화$a성과향상$a동기부여$a팀워크$a커뮤니케이션기술",""
"자기계발","9791160661330","2026-05-15","US College Move-In Toolbox for International Parents","NIKI JUNG (지은이)","국내도서>자기계발>취업/진로/유망직업>해외취업/이민/유학.연수","","TRUE","7","해외유학|진로설계|취업전략|문화적응|유학생활|이민준비|교육환경","=653  \\$a해외유학$a진로설계$a취업전략$a문화적응$a유학생활$a이민준비$a교육환경",""
"자기계발","9791158749347","2026-06-20","하마터면 나로 살지 못할 뻔했다 - 불안을 밀어내지 않고 나를 알아가는 시간","황양밍, 장린린 (지은이), 권소현 (옮긴이)","국내도서>자기계발>인간관계>인간관계","‘생활 속 심리학 박사’로 불리는 두 저자는 우리가 일상에서 마주하는 다양한 불안의 원인을 체계적으로 분석하고, 이를 효과적으로 다루기 위해 구체적이고 실천 가능한 방법을 책에 담았다.","TRUE","7","불안관리|자기이해|심리분석|감정조절|자기계발|인간관계|실천방법","=653  \\$a불안관리$a자기이해$a심리분석$a감정조절$a자기계발$a인간관계$a실천방법",""
"자기계발","9791173559440","2026-05-28","지방대 꼴등이 의대에서 1등 하는 방법 - 모든 성공에는 하나의 공통 공식이 있다, 마지노선","에그킹 (지은이)","국내도서>자기계발>성공>성공학","수많은 자기계발서는 성공을 위한 기술과 방법론을 이야기한다. 하지만 『지방대 꼴등이 의대에서 1등 하는 방법』은 조금 다른 질문에서 출발한다. “사람은 무엇을 계기로 완전히 달라지는가?” 이 책은 단순한 공부법이나 동기부여가 아닌, 사람의 인생을 바꾸는 ‘내면의 기준’에 집중한다. 유급 직전까지 갔던 지방대 문제아가 어떻게 의사와 약사 면허를 동시에 취득하고 우수 졸업생이 될 수 있었을까?","TRUE","7","자기효능감|내면기준|동기부여|학습전략|목표달성|자기변화|성취동기","=653  \\$a자기효능감$a내면기준$a동기부여$a학습전략$a목표달성$a자기변화$a성취동기",""
"자기계발","9791176430142","2026-05-22","자기 자신이 되는 것이 사람의 길입니다","하난 (지은이)","국내도서>자기계발>성공>성공학","10년간 전력으로 구도의 길을 걷다 단호하게 세상으로 돌아온 한 수행자가 전하는, 고통으로부터의 완전한 해방과 자유에 관한 기록이다. 저자는 인간을 속박하는 모든 고통과 허무의 원인이 진실한 내가 아닌 ‘가짜 자아(생각과 허상)’에 있음을 짚어내며, 삶의 주권을 되찾는 명쾌한 통찰을 제시한다.","TRUE","6","자기통찰|삶의주권|고통해방|자아발견|심리적자유|내적성장","=653  \\$a자기통찰$a삶의주권$a고통해방$a자아발견$a심리적자유$a내적성장",""
"기타","9791187849605","2026-05-22","우리 아이 평생 육아 마스터플랜 - 산전 준비, 모태독성학, 신생아 희귀난치질환 관리까지","김숙자 (지은이)","국내도서>좋은부모>임신/출산","소아과 의사이자 엄마로, 이제는 대학생이 된 쌍둥이 손주를 키워낸 할머니로서의 생생한 육아 고뇌와 기쁨이 고스란히 녹아있다. 임신 준비 단계부터 산전 관리, 출산 후 양육까지 부모가 꼭 알아야 할 필수 지침은 물론, 아이를 건강하게 키워내는 힘은 결국 ‘엄마의 건강한 몸과 마음’에서 시작된다는 메시지를 전한다.","TRUE","6","임신준비|출산후관리|모성건강|부모역할|건강한양육|산전관리","=653  \\$a임신준비$a출산후관리$a모성건강$a부모역할$a건강한양육$a산전관리",""
"기타","9791124026410","2026-05-29","영재는 다르게 작동한다 - 생각이 다른 아이를 이해하는 법","정해민 (지은이)","국내도서>좋은부모>교육/학습>학교/학습법","영재 아동을 단순히 공부를 잘하는 아이로 바라보는 기존의 시선을 넘어, ‘세계를 다르게 인식하는 존재’로 이해해야 한다고 말하는 책이다. 30년간 수학 교육 현장에서 아이들을 가르치고, 영재교육·심리학·철학·신학을 연구하며 임상심리사로 부모와 아이들을 만나온 저자는 이 책에서 영재 아동의 사고 구조와 정서적 특성을 깊이 있게 풀어낸다.","TRUE","7","영재교육|사고구조|정서발달|심리특성|수학교육|임상심리|교육철학","=653  \\$a영재교육$a사고구조$a정서발달$a심리특성$a수학교육$a임상심리$a교육철학",""
"기타","9791138860338","2026-05-26","나를 지키며, 부모로 사는 연습","박용권 (지은이)","국내도서>좋은부모>부모교육","하루를 겨우 버티고 있다고 느끼는 부모들에게 건네는 따뜻한 응원의 메시지다. 아이를 사랑하지만 점점 지쳐 가는 마음, 늘 부족한 것 같은 죄책감, 관계 속에서 흔들리는 감정을 저자는 조용하고 현실적인 시선으로 풀어낸다.","TRUE","7","부모역할|부모심리|감정조절|부모자녀관계|심리적지지|부모스트레스|자기돌봄","=653  \\$a부모역할$a부모심리$a감정조절$a부모자녀관계$a심리적지지$a부모스트레스$a자기돌봄",""
"기타","9791173744198","2026-05-27","AI를 이기는 아이의 힘","한상혁 (지은이)","국내도서>사회과학>교육학>교육 일반","격변의 시대를 마주한 부모들에게 명확한 교육적 대안을 제시하며 AI시대 아이들이 갖춰야 할 가장 강력한 생존 역량으로서 AI가 결코 흉내 낼 수 없는 인간 고유의 영역인 창의력, 비판적 사고력, 협업 능력, 공감 능력을 내세운다.","TRUE","7","창의력|비판적사고|협업능력|공감능력|교육대안|미래교육|인간고유역량","=653  \\$a창의력$a비판적사고$a협업능력$a공감능력$a교육대안$a미래교육$a인간고유역량",""
"기타","9791190488679","2026-05-20","굿 인사이드 - 아이도 부모도 기분 좋은 양육 원칙","베키 케네디 (지은이), 김영정 (옮긴이)","국내도서>좋은부모>육아>육아법/육아 일반","우리가 꿈꾸었던 좋은 부모이면서 아이를 잘 안내할 부모로 서는 방법이 담겨 있다. 정서적으로 건강하면서도 부족한 부분에서 점차 성장해 나가는 자녀로 키우는 방법도 안내한다. 전 세계 부모들이 왜 그토록 열광했는지, 이제 우리가 확인할 차례다.","TRUE","7","부모역할|정서발달|자녀교육|양육법|부모성장|정서지능|육아전략","=653  \\$a부모역할$a정서발달$a자녀교육$a양육법$a부모성장$a정서지능$a육아전략",""
"기타","9791124612002","2026-05-27","우리 아이, 오늘 처음 초등학교 갑니다 - 기대 반 걱정 반 초보 학부모를 위한","김동일, 김은삼, 김지연, 남지은, 라영안, 이미지, 이혜은, 현은정 (","국내도서>좋은부모>교육/학습>학교/학습법","교육부 공식 자녀 가이드북 『학부모는 처음이라』 집필진이 참여한 초보 학부모 가이드. 학습 습관과 친구 관계, 학교 적응부터 스마트폰·사교육 고민까지 초등학생 부모의 42가지 현실 고민을 담았다.","TRUE","6","학습습관|친구관계|스마트폰사용|사교육고민|초등부모|자녀교육","=653  \\$a학습습관$a친구관계$a스마트폰사용$a사교육고민$a초등부모$a자녀교육",""
"기타","9791176130684","2026-06-02","자녀에게 기회를 주는 부모","정민규(루카스 제이) (지은이)","국내도서>좋은부모>부모교육","","TRUE","7","부모교육|자녀양육|기회교육|자기주도학습|성장환경|가정교육|자녀발달","=653  \\$a부모교육$a자녀양육$a기회교육$a자기주도학습$a성장환경$a가정교육$a자녀발달",""
"기타","9791112191038","2026-05-11","누구도 알려주지 않는 초등영어 비밀전략","J 제이 (지은이)","국내도서>좋은부모>교육/학습>언어/외국어 교육","","TRUE","6","영어학습법|어린이영어|영어공부방법|영어교육전략|초등학생영어|영어학습전략","=653  \\$a영어학습법$a어린이영어$a영어공부방법$a영어교육전략$a초등학생영어$a영어학습전략",""
"기타","9791124272312","2026-04-24","최상위 감각을 키우는 4~7세 영어 로드맵 - 엄마표 영어, 영어 유치원, 해외체험…한 권으로 끝낸다!","박혜윤(엄사세) (지은이)","국내도서>좋은부모>교육/학습>언어/외국어 교육","사교육 속도전에 흔들리는 부모에게 불안이 아닌 기준으로 선택하게 하는 4~7세 영어 가이드다. 엄마표 영어, 영어 유치원, 해외 체험의 장단점을 짚고, 노출과 경험 중심의 환경 설계로 아이의 영어 로드맵을 세우게 돕는다.","TRUE","7","유아영어교육|언어습득|환경설계|사교육대안|영어노출|부모역할|조기교육","=653  \\$a유아영어교육$a언어습득$a환경설계$a사교육대안$a영어노출$a부모역할$a조기교육",""
"기타","9791191366082","2026-05-15","갓생 코디의 법칙 - 강남 코디보다 강력한 12가지 성경적 인물코칭","최하진 (지은이)","국내도서>좋은부모>교육/학습>학교/학습법","우리는 지금껏 아이의 손에 ‘이집트의 금은보화’를 쥐여 주려 애써왔다. 남들 다 하는 선행학습을 시키지 않으면 내 아이만 도태될 것 같다는 불안감, 성적표의 숫자 하나에 일희일비하는 조급함은 부모와 아이 모두를 병들게 했다. 《갓생 코디의 법칙》은 이러한 부모들의 근원적인 불안에 정면으로 도전한다.","TRUE","7","선행학습|부모불안|교육코칭|자녀교육|학습법|교육철학|성적스트레스","=653  \\$a선행학습$a부모불안$a교육코칭$a자녀교육$a학습법$a교육철학$a성적스트레스",""
"기타","9788962452471","2026-05-15","우리 아이 디지털 능력 - 디지털에 끌려가는 아이에서 디지털을 다루는 아이로 키우는 법","김주희 (지은이)","국내도서>좋은부모>부모교육","가족이 모여 식사할 때, 스마트폰이 아이 앞에 놓이는 순간. 대화는 멈추고 시선은 화면으로 향한다. 저자는 이 장면을 단순한 일상이 아니라 아이의 성장 방향을 바꾸는 결정적 신호라고 말한다. 이 책은 디지털 기기를 둘러싼 부모의 익숙한 선택들이 아이의 사고력, 감정, 관계, 학습 태도에 어떤 영향을 미치는지를 학교의 현장 사례를 중심으로 풀어낸다.","TRUE","6","부모교육|스마트폰중독|아동발달|가족소통|학습태도|감정조절","=653  \\$a부모교육$a스마트폰중독$a아동발달$a가족소통$a학습태도$a감정조절",""
"기타","9791174190499","2026-05-01","시선이 자라는 날들 - 아이를 키우려다 내가 자란 존재교육 100일의 기록","백미나 (지은이)","국내도서>좋은부모>육아/교육 에세이","존재, 감정, 주도성, 창의력, 만남을 통해 점점 성장하는 나와 아이. 아이를 바꾸려 했던 모든 날들을 돌아보며, 방향이 잘못되어 있었다는 깨달음에서 출발한다. 아이를 더 잘 키우고 싶어 더 많이 시키고 고치려 했지만, 아이는 멀어졌고 지워야 할 것은 내 안에 있었다는 고백이 중심을 이룬다.","TRUE","7","부모교육|자기성장|감정코칭|주도성교육|창의력발달|부모자녀관계|육아철학","=653  \\$a부모교육$a자기성장$a감정코칭$a주도성교육$a창의력발달$a부모자녀관계$a육아철학",""
"기타","9791173559006","2026-05-11","상처받은 아이가 아름답다 - 심리학이 알려주는, 다시 일어나는 아이들의 비밀","이연숙 (지은이)","국내도서>좋은부모>육아>자녀 심리","일본의 전통 수리 기법인 ‘킨츠기’는 깨진 조각을 이어 붙여 더욱 견고하고 단단한 도자기를 만드는 기술이다. 『상처 받은 아이가 아름답다』는 아이들의 마음속 상처를 도자기에 비유하며, 상처 입은 아이가 다시 일어서는 과정을 말하는 교육 심리서다.","TRUE","7","자녀심리|육아교육|회복탄력성|킨츠기|마음치유|교육심리|심리회복","=653  \\$a자녀심리$a육아교육$a회복탄력성$a킨츠기$a마음치유$a교육심리$a심리회복",""
"종교","9791174821119","2026-05-15","적천수천미 통신론 : 상","임철초 (지은이), 안영만 (옮긴이)","국내도서>종교/역학>역학>주역","“安分知足, 追吉避凶.” 분수를 알고 만족할 줄 아는 자는, 吉한 것을 이루고 凶한 것을 피한다. 저자는 이 오래된 명제를 바탕으로 삶의 불확실함 속에서도 스스로의 중심을 지키는 지혜를 제시한다. 이 책은 단순한 명리 해설서가 아니라, ‘삶을 어떻게 이해하고 살아갈 것인가’에 대한 철학적 물음을 담았다.","TRUE","5","명리학|주역철학|운명해석|삶의지혜|불확실성","=653  \\$a명리학$a주역철학$a운명해석$a삶의지혜$a불확실성",""
"종교","9791174821126","2026-05-15","적천수천미 통신론 : 하","임철초 (지은이), 안영만 (옮긴이)","국내도서>종교/역학>역학>주역","“安分知足, 追吉避凶.” 분수를 알고 만족할 줄 아는 자는, 吉한 것을 이루고 凶한 것을 피한다. 저자는 이 오래된 명제를 바탕으로 삶의 불확실함 속에서도 스스로의 중심을 지키는 지혜를 제시한다. 이 책은 단순한 명리 해설서가 아니라, ‘삶을 어떻게 이해하고 살아갈 것인가’에 대한 철학적 물음을 담았다.","TRUE","5","명리학|주역철학|운명해석|삶의지혜|불확실성극복","=653  \\$a명리학$a주역철학$a운명해석$a삶의지혜$a불확실성극복",""
"종교","9791167527998","2026-05-22","풍수 이론과 실천 - 자연과 공간, 그리고 시간을 잇는 풍수의 통합적 사유","손서후 (지은이)","국내도서>종교/역학>역학>풍수지리","풍수는 더 이상 점술이 아니다. 자연의 질서를 읽고, 공간과 시간 속에서 인간의 삶을 이해하는 하나의 사유 체계다. 이 책은 형세풍수와 현공풍수를 아우르며, 전통 이론을 체계적으로 정리하고 현대적 언어로 풀어낸다.","TRUE","7","형세풍수|현공풍수|자연질서|공간이해|시간관리|전통이론|현대해석","=653  \\$a형세풍수$a현공풍수$a자연질서$a공간이해$a시간관리$a전통이론$a현대해석",""
"종교","9791167528070","2026-05-20","타로, 마음을 읽다 - 상징을 통해 마음을 읽는 타로 가이드","이지영 (지은이)","국내도서>종교/역학>역학>점성학/타로","많은 사람들이 타로를 미래를 맞히는 도구로 생각한다. 그러나 『타로, 마음을 읽다』는 타로를 전혀 다른 방식으로 바라본다. 이 책에서 카드는 단순히 결과를 예측하는 수단이 아니라, 인간의 심리와 선택, 관계와 욕망의 흐름을 드러내는 상징의 언어로 기능한다.","TRUE","6","타로상징|심리탐구|인간관계|욕망분석|심리상담|자기이해","=653  \\$a타로상징$a심리탐구$a인간관계$a욕망분석$a심리상담$a자기이해",""
"종교","9791112190390","2026-05-07","타로 카드 가이드 북","양산의영웅 (지은이)","국내도서>종교/역학>역학>점성학/타로","","TRUE","7","점성학|타로점술|점성술|타로해석|점성운세|타로리딩|점성예측","=653  \\$a점성학$a타로점술$a점성술$a타로해석$a점성운세$a타로리딩$a점성예측",""
"종교","9788981206710","2026-04-30","당신만 모르는 셀럽 부자들의 풍수 세상","안종회 (지은이)","국내도서>종교/역학>역학>풍수지리","셀럽과 부를 꿈꾸는 현대인을 위해 쉽게 풀어 쓴 생기풍수 입문서로서, 수맥과 생기풍수(生氣風水)를 통해 삶의 흐름과 행복의 원리를 설명한다. 눈에 보이지 않는 공간의 기운과 인간의 심리, 건강, 재물 운(運)의 상관관계를 실제 사례 중심으로 흥미롭게 풀어낸 것이 특징이다.","TRUE","6","생기풍수|수맥|재물운|공간기운|행복원리|현대풍수","=653  \\$a생기풍수$a수맥$a재물운$a공간기운$a행복원리$a현대풍수",""
"종교","9791197896477","2026-05-05","관상미학 - 얼굴로 읽는 운명의 지도","설강독조 (지은이)","국내도서>종교/역학>역학>관상/수상","","TRUE","6","관상학|운명해석|얼굴분석|인상학|역학이론|미래예측","=653  \\$a관상학$a운명해석$a얼굴분석$a인상학$a역학이론$a미래예측",""
"종교","9788935704828","2026-05-04","나는 사후세계를 기억한다 - 우리는 죽어서 어디로 가며 왜 돌아오는가","레라 네크라소바 (지은이), 동경민 (옮긴이)","국내도서>종교/역학>역학>전생/환생","죽으면 어떻게 될까? 만약 환생이 있다면 우리는 왜 다시 태어나는 걸까? 저자가 기억하는 사후세계에서의 경험과 여러 의문에 대한 답이 세세히 정리되어 담겨 있는, 그리하여 읽고 나면 사후세계에 대한 걱정이 안심과 위로로 바뀌게 해주는 아주 특별한 기행문이다.","TRUE","6","환생이론|영혼여행|전생기억|환생철학|사후세계탐구|영적안내","=653  \\$a환생이론$a영혼여행$a전생기억$a환생철학$a사후세계탐구$a영적안내",""
"종교","9788955366525","2026-05-08","그리스도인이여, 행복한 가정을 이루라! - 사랑이 넘치는 가정을 위한 하나님의 디자인","스티브 강 (지은이)","국내도서>종교/역학>기독교(개신교)>기독교(개신교) 신앙생활>신앙생활일반","빠르게 변하는 사회 속에서 가정의 의미가 흔들리는 지금, 관계는 느슨해지고 역할은 모호해졌다. 그럼에도 가족이라는 이름으로 묶인 관계는 쉽게 외면할 수 없다. 가정은 인간이 만든 제도가 아니라 하나님이 설계하신 공동체라는 전제에서 출발한다.","TRUE","7","기독교가정|신앙생활|가정공동체|기독교윤리|가족관계|사회변화|가정설계","=653  \\$a기독교가정$a신앙생활$a가정공동체$a기독교윤리$a가족관계$a사회변화$a가정설계",""
"종교","9711197173295","2026-05-18","프란치스코 교황과 교회 개혁 - 프란치스코 교황 선종 1주기 기념","황경훈 (지은이)","국내도서>종교/역학>가톨릭>가톨릭 일반","교황 프란치스코의 재임 10여 년을 ‘교회의 봄’으로 정의하며, 평신도 신학자의 시선으로 교회 개혁의 여정을 기록한 책이다. 우리신학연구소 황경훈 선임 연구원은 프란치스코 교황의 사목 비전이 한국 교회의 현장에서 어떻게 공명하고 실천되어야 하는지를 심도 있게 다루었다.","TRUE","5","가톨릭개혁|평신도신학|사목비전|한국가톨릭|가톨릭실천","=653  \\$a가톨릭개혁$a평신도신학$a사목비전$a한국가톨릭$a가톨릭실천",""
"종교","9788933116043","2026-05-14","생각과 마음 사이 - 식별의 기술","가에타노 피콜로 (지은이), 이상훈 (옮긴이)","국내도서>종교/역학>가톨릭>가톨릭 일반","이냐시오 영성에 바탕을 둔 영적 식별 안내서로, 이성과 감정, 생각과 마음 사이에서 올바른 선택을 하도록 돕는다. 두 갈래의 길 앞에서 갈등하는 순간마다 우리 내면의 움직임을 자각하고, 무엇을 얻고 무엇을 내려놓아야 할지 식별하도록 이끈다.","TRUE","6","이냐시오영성|영적식별|가톨릭신앙|올바른선택|감정조절|영성훈련","=653  \\$a이냐시오영성$a영적식별$a가톨릭신앙$a올바른선택$a감정조절$a영성훈련",""
"종교","9788932119915","2026-05-08","복음의 힘 - 복음을 여는 레오 14세 교황의 10가지 단어","레오 14세 (지은이), 로렌조 파치니 (엮은이), 이재협 (옮긴이)","국내도서>종교/역학>가톨릭>가톨릭 교리/강론","전쟁과 혐오, 불평등이 깊어지는 시대에 복음은 여전히 세상을 변화시킬 힘이 있는가. 『복음의 힘』은 레오 14세 교황이 전하는 평화와 희망의 메시지를 담은 책이다. 페루 선교와 사목 현장에서 가난한 이들과 함께해 온 교황의 시선으로 그리스도, 정의, 평화, 희망의 의미를 다시 묻는다. 폭력과 분열의 시대를 살아가는 오늘의 그리스도인에게 건네는 메시지다.","TRUE","7","가톨릭교리|평화메시지|그리스도교|사회정의|희망|가톨릭신앙|평화운동","=653  \\$a가톨릭교리$a평화메시지$a그리스도교$a사회정의$a희망$a가톨릭신앙$a평화운동",""
"종교","9788957469231","2026-05-26","불교와 아리스토텔레스 - 깨달음과 에우다이모니아","세스 주이호 세갈 (지은이), 박찬국 (옮긴이)","국내도서>종교/역학>불교>불교사/불교철학","2,500년 불교 지혜와 아리스토텔레스 철학의 혁신적 만남. 지금 여기에서 ‘충분히 행복한’ 삶을 살기 위한 철학적 가이드. 동양의 불교적 ‘깨달음’과 고대 그리스 아리스토텔레스의 ‘에우다이모니아(인간 번영과 성숙)’ 개념을 철저히 비교 분석하였다.","TRUE","6","불교철학|불교사상|인간번영|행복철학|동서양철학|삶의지혜","=653  \\$a불교철학$a불교사상$a인간번영$a행복철학$a동서양철학$a삶의지혜",""
"종교","9788949969299","2026-04-30","논쟁으로 보는 조선시대 불교사상사","이종수 (지은이)","국내도서>종교/역학>불교>불교사/불교철학","인간 세상은 시대와 장소를 막론하고 어떤 조직이든 항상 갈등이 있어 왔다. 갈등이 심화되면 싸움으로 발전하기도 하지만 논쟁의 장이 열릴 때 그 조직을 발전시키는 원동력이 되기도 했다. 이 책은 갈등의 긍정적인 측면인 논쟁을 통해 조선시대 불교를 들여다보려 했다.","TRUE","5","조선불교|불교논쟁|불교철학|불교역사|종교갈등","=653  \\$a조선불교$a불교논쟁$a불교철학$a불교역사$a종교갈등",""
"종교","9791172612757","2026-05-22","도리사 - 신라불교의 첫 새벽","계미향, 김일수, 박찬희, 유근자, 이성수, 이지범, 조경철 (지은이)","국내도서>종교/역학>불교>불교사/불교철학","경상북도 구미에 있는 도리사와 그 인근 지역의 불교 문화사를 살펴본 인문 교양서다. 신라에 불교를 전한 아도 화상이 창건한 도리사와 그 인근 지역에서 싹을 틔운 신라불교의 풍성한 이야기를 알차게 담았다.","TRUE","6","불교문화사|아도화상|불교철학|신라사찰|불교전파|한국불교","=653  \\$a불교문화사$a아도화상$a불교철학$a신라사찰$a불교전파$a한국불교",""
