category_group,isbn,pub_date,title,authors,aladin_category,description,success,kw_count,keywords,tag_653,error
문학,9791194897385,2026-06-01,사람은 무엇으로 사는가,레프 니콜라예비치 톨스토이 (지은이),국내도서>청소년>청소년 문학>청소년 소설,"레프 톨스토이 문학은 “인간은 어떻게 살아야 하는가?”라는 질문을 던진다. 《전쟁과 평화》, 《안나 카레니나》 속 인물들의 성장과 방황, 《사람은 무엇으로 사는가》에 담긴 사랑과 연대의 메시지는 오늘을 살아가는 청소년들에게도 깊은 울림을 전한다.",TRUE,5,청소년소설|인간관계|연대|방황|청소년문학,=653  \\$a청소년소설$a인간관계$a연대$a방황$a청소년문학,
문학,9791194897415,2026-06-01,사랑이 있는 곳에 신도 있다,레프 니콜라예비치 톨스토이 (지은이),국내도서>청소년>청소년 문학>청소년 소설,"레프 톨스토이 문학은 “인간은 어떻게 살아야 하는가?”라는 질문을 던진다. 《전쟁과 평화》, 《안나 카레니나》 속 인물들의 성장과 방황, 《사람은 무엇으로 사는가》에 담긴 사랑과 연대의 메시지는 오늘을 살아가는 청소년들에게도 깊은 울림을 전한다.",TRUE,5,청소년소설|방황|연대|인간관계|청소년문학,=653  \\$a청소년소설$a방황$a연대$a인간관계$a청소년문학,
문학,9791124539026,2026-05-25,데미안,"헤르만 헤세 (지은이), 김경일 (기획)",국내도서>소설/시/희곡>독일소설,"전 세계 독자를 사로잡은 고전을 심리학자의 해석으로 새롭게 소개하는 &lt;저녁달 클래식&gt; 시리즈의 여섯 번째 책 『데미안』이 출간됐다. 『데미안』은 헤르만 헤세의 대표작으로, 혼란과 불안의 시간을 넘어 진정한 자아를 찾아가는 한 소년의 이야기를 통해 깊은 내면의 성찰과 통찰을 전하는 작품이다.",TRUE,5,자아찾기|성장소설|심리소설|청소년기|자기발견,=653  \\$a자아찾기$a성장소설$a심리소설$a청소년기$a자기발견,
문학,9791194897422,2026-06-01,피터팬 : 상,제임스 매튜 배리 (지은이),국내도서>청소년>청소년 문학>청소년 소설,제임스 매튜 배리의 소설 《피터 팬》은 단순히 하늘을 날아다니는 소년의 신비로운 모험 이야기가 아니다. 그 속에는 영원히 아이로 남고 싶은 마음과 어른이 되어 책임을 져야 하는 현실 사이에서 고민하는 청소년 여러분의 내면이 고스란히 담겨 있다.,TRUE,6,청소년성장|모험이야기|영원한소년|책임감|내면갈등|어른되기,=653  \\$a청소년성장$a모험이야기$a영원한소년$a책임감$a내면갈등$a어른되기,
문학,9791199657335,2026-05-25,다들 시를 뭐라고 생각하는 걸까,변윤제 (지은이),국내도서>소설/시/희곡>시>한국시,"2021년 『문학동네』 신인상을 수상하며 작품 활동을 시작한 변윤제의 세 번째 시집 『다들 시를 뭐라고 생각하는 걸까』가 타이피스트 시인선 014번으로 출간되었다. 첫 시집 『저는 내년에도 사랑스러울 예정입니다』와 『반국가세력』 등을 통해 현실과 환상, 비애와 유머가 뒤섞인 독창적인 감각의 세계를 구축해온 변윤제는 이번 시집에서 인간 중심의 감정 구조를 서서히 해체해나간다.",TRUE,6,현대시|감정해체|환상세계|유머시|비애|인간중심,=653  \\$a현대시$a감정해체$a환상세계$a유머시$a비애$a인간중심,
문학,9791194897439,2026-06-01,피터팬 : 하,제임스 매튜 배리 (지은이),국내도서>청소년>청소년 문학>청소년 소설,제임스 매튜 배리의 소설 《피터 팬》은 단순히 하늘을 날아다니는 소년의 신비로운 모험 이야기가 아니다. 그 속에는 영원히 아이로 남고 싶은 마음과 어른이 되어 책임을 져야 하는 현실 사이에서 고민하는 청소년 여러분의 내면이 고스란히 담겨 있다.,TRUE,7,청소년성장|모험이야기|책임감|영원한소년|내면갈등|성장과정|현실도피,=653  \\$a청소년성장$a모험이야기$a책임감$a영원한소년$a내면갈등$a성장과정$a현실도피,
문학,9791194897446,2026-06-01,오즈의 마법사 : 상,라이먼 프랭크 바움 (지은이),국내도서>청소년>청소년 문학>청소년 소설,갑작스러운 회오리바람에 휩쓸려 낯선 오즈의 세계에 떨어진 도로시와 친구들의 여정을 담은 『오즈의 마법사』. 노란 벽돌 길을 따라 펼쳐지는 모험 속에는 자신의 가능성을 의심하고 ‘부족한 나’를 채우려 애쓰는 청소년의 내면이 담겨 있다.,TRUE,6,청소년성장|모험여행|자기발견|내면성장|자기수용|우정,=653  \\$a청소년성장$a모험여행$a자기발견$a내면성장$a자기수용$a우정,
문학,9791194897453,2026-06-01,오즈의 마법사 : 하,라이먼 프랭크 바움 (지은이),국내도서>청소년>청소년 문학>청소년 소설,갑작스러운 회오리바람에 휩쓸려 낯선 오즈의 세계에 떨어진 도로시와 친구들의 여정을 담은 『오즈의 마법사』. 노란 벽돌 길을 따라 펼쳐지는 모험 속에는 자신의 가능성을 의심하고 ‘부족한 나’를 채우려 애쓰는 청소년의 내면이 담겨 있다.,TRUE,6,청소년모험|자아발견|성장여정|자기이해|자신감회복|판타지세계,=653  \\$a청소년모험$a자아발견$a성장여정$a자기이해$a자신감회복$a판타지세계,
문학,9791189298975,2026-05-20,눈물이 오는 소리,최진화 (지은이),국내도서>소설/시/희곡>시>한국시,,TRUE,6,감정표현|일상서사|현대시|인간관계|삶의고뇌|정서적공감,=653  \\$a감정표현$a일상서사$a현대시$a인간관계$a삶의고뇌$a정서적공감,
문학,9791124110249,2026-05-20,열원 - 162회 나오키상 수상작,"가와고에 소이치 (지은이), 김진아 (옮긴이)",국내도서>소설/시/희곡>역사소설>외국 역사소설,일본 현대 문학에서 역사적 서사와 원초적 감각 경험을 결합한 장편 소설은 흔치 않다. 더욱이 데뷔 장편으로 그러한 세계를 완성한 작가라면 더욱 그렇다. 가와고에 소이치의 첫 장편소설 『열원』은 바로 그 드문 경우에 속한다. 이 작품은 발표 직후 일본 문단의 주목을 받으며 제162회 나오키상을 수상했다.,TRUE,5,역사소설|현대문학|역사적서사|감각경험|장편소설,=653  \\$a역사소설$a현대문학$a역사적서사$a감각경험$a장편소설,
인문학,9791175541795,2026-06-15,보이지 않는 마음을 꿰뚫는 기술 - 사람의 진짜 속마음을 드러내는 결정적 신호들,"정종진, 김경희, 이정신, 조명선 (지은이)",국내도서>인문학>심리학/정신분석학>교양 심리학,"사람과 사람이 마주하는 순간, 대화는 이미 시작되어 있다. 아직 말을 꺼내기도 전, 눈빛이 머무는 시간과 어깨의 긴장, 고개를 끄덕이면서도 살짝 물러서는 자세 속에서 마음은 먼저 신호를 보낸다. 말하지 않아도 드러나는 표정과 몸짓 속에서 사람의 진짜 마음을 읽는 연습을 제안하는 책이다.",TRUE,7,비언어소통|몸짓언어|표정심리학|행동심리학|심리신호|대인관계|심리분석,=653  \\$a비언어소통$a몸짓언어$a표정심리학$a행동심리학$a심리신호$a대인관계$a심리분석,
인문학,9788965968290,2026-06-09,젊은 여성 과학자의 초상 - 편견과 차별을 넘어 우주 저편으로 향한 대담한 도전,"린디 엘킨스탠턴 (지은이), 김아림 (옮긴이)",국내도서>인문학>인문 에세이,"엘킨스탠턴에게 질문은 끝없는 탐험이 펼쳐지는 아름다운 풍경이었고 선명하고 명료한 의사소통이 일어나는 장이었다. 질문은 불확실한 세상에서 나와 세상에 대한 이해로 나아가는 출발점이었고, 더 과학적 큰 발견을 이뤄 가는 시작이었고, 나 자신을 찾도록 고정관념의 틀을 깨는 망치였다.",TRUE,5,과학커뮤니케이션|고정관념|성평등|편견극복|자기발견,=653  \\$a과학커뮤니케이션$a고정관념$a성평등$a편견극복$a자기발견,
인문학,9791172740917,2026-06-09,"[큰글자책] AI시대, 스토리텔링의 재탄생",김태원 (지은이),국내도서>인문학>책읽기/글쓰기>글쓰기,"지금, 생성형 AI라는 거대한 변화의 해일이 창작자들을 덮치는 순간이다. 베스트셀러 스토리 창작 가이드 『매혹적인 스토리텔링의 탄생』의 저자 김태원이 AI시대를 직면하는 후속작, 『AI시대, 스토리텔링의 재탄생』을 펴냈다.",TRUE,6,생성형AI|베스트셀러|콘텐츠창작|AI글쓰기|창작윤리|스토리창작,=653  \\$a생성형AI$a베스트셀러$a콘텐츠창작$aAI글쓰기$a창작윤리$a스토리창작,
인문학,9791143025487,2026-05-22,"[큰글자책] 원서발췌 인간, 그 본성과 세계에서의 위치","아르놀트 겔렌 (지은이), 이을상 (옮긴이)",국내도서>인문학>철학 일반>교양 철학,자연 세계 속에서 살아가는 인간에 대해 고찰했다. 야생 동물들과는 달리 자신을 보호할 만한 어떤 장치도 갖추지 못한 인간이 자연을 지배하고 살아갈 수 있는 이유는 무엇인가? 자연적으로는 한없이 불완전하고 미성숙한 존재인 인간의 본성에 대해 알아본다. 이 책은 원전에서 겔렌의 철학적 인간학에 대한 근본 사상을 정확하게 이해하는데 중요한 부분인 서론만을 번역했다.,TRUE,7,철학적인간학|인간본성|자연지배|인간미성숙|겔렌철학|인간위치|자연세계,=653  \\$a철학적인간학$a인간본성$a자연지배$a인간미성숙$a겔렌철학$a인간위치$a자연세계,
인문학,9791194144137,2026-06-04,로봇은 오지 않는다 - 자동화 신화와 은폐된 인간 노동의 진실,"안토니오 카실리 (지은이), 변정수 (옮긴이)",국내도서>인문학>교양 인문학,"생성형 AI와 자동화 열풍 속에서 반복되는 “기계가 인간 노동을 대체할 것”이라는 통념을 정면으로 비판하는 책이다. 디지털 노동 연구자 안토니오 카실리는 자동화의 역사를 되짚으며, 인간 노동의 종말이라는 예언은 산업화 이후 끊임없이 반복되어왔지만 현실은 정반대였다고 말한다.",TRUE,6,디지털노동|기계대체|산업화역사|생성형AI|노동미래|기술신화,=653  \\$a디지털노동$a기계대체$a산업화역사$a생성형AI$a노동미래$a기술신화,
인문학,9791143025364,2026-05-22,원서발췌 성학집요,"이이 (지은이), 전혜경 (옮긴이)",국내도서>인문학>동양철학>한국철학>퇴계/율곡,"율곡은 선조가 현명한 임금이기를 바랐으나 기대에 미치지 못했다. 개혁이 이루어질 듯한 분위기는 조성되었으나 구체적 성과를 내지 못하고 좌절되곤 했다. 애매하고 답답한 시기, 고뇌하던 율곡이 학문적 역량을 다 쏟아 부어 써내려간 역작이다. 그의 희망과 절망이 동시에 담겨 있다.",TRUE,7,율곡철학|조선유학|성리학|정치개혁|한국철학|임금론|학문적고뇌,=653  \\$a율곡철학$a조선유학$a성리학$a정치개혁$a한국철학$a임금론$a학문적고뇌,
인문학,9791143024893,2026-05-22,[큰글자책] 원서발췌 유럽과 인류,"니콜라이 트루베츠코이 (지은이), 박지배 (옮긴이)",국내도서>인문학>문화/문화이론>문화연구/문화이론,"지리적으로나 문화적으로, 그리고 역사적으로 볼 때 유럽도 아니고, 아시아도 아닌 중간에 위치하여 동양적인 요소와 서양적인 요소 사이에서 자신의 정체성을 잃고 갈팡질팡했던 러시아라는 나라에서 태어나 성장하고 교육받은 탁월한 지식인의 자기인식이다. 유럽 문명을 인류 문명이라고 주장하는 유럽의 횡포에 맞서 진짜 인류인 비유럽 민족들이 단호히 맞설 것을 호소한다.",TRUE,7,유럽문명|인류문명|문화정체성|러시아역사|동서양문화|비유럽민족|문화횡포,=653  \\$a유럽문명$a인류문명$a문화정체성$a러시아역사$a동서양문화$a비유럽민족$a문화횡포,
인문학,9791143024886,2026-05-22,원서발췌 유럽과 인류,"니콜라이 트루베츠코이 (지은이), 박지배 (옮긴이)",국내도서>인문학>문화/문화이론>문화연구/문화이론,"지리적으로나 문화적으로, 그리고 역사적으로 볼 때 유럽도 아니고, 아시아도 아닌 중간에 위치하여 동양적인 요소와 서양적인 요소 사이에서 자신의 정체성을 잃고 갈팡질팡했던 러시아라는 나라에서 태어나 성장하고 교육받은 탁월한 지식인의 자기인식이다. 유럽 문명을 인류 문명이라고 주장하는 유럽의 횡포에 맞서 진짜 인류인 비유럽 민족들이 단호히 맞설 것을 호소한다.",TRUE,6,문화정체성|유럽중심주의|러시아문화|동서양교류|비유럽민족|문명비판,=653  \\$a문화정체성$a유럽중심주의$a러시아문화$a동서양교류$a비유럽민족$a문명비판,
인문학,9791112194695,2026-05-25,"인텐트 위버를 위한 질문력 - AI 알고리즘의 부속으로 남을 것인가, 지능의 주권자가 될 것인가
",채동균 (지은이),국내도서>인문학>인문 에세이,,TRUE,7,인공지능윤리|지능주권|기술철학|디지털인문학|미래사회|인간중심기술|창의적사고,=653  \\$a인공지능윤리$a지능주권$a기술철학$a디지털인문학$a미래사회$a인간중심기술$a창의적사고,
인문학,9791143025401,2026-05-22,[큰글자책] 원서발췌 우리 옛말본,"허웅 (지은이), 권재일 (옮긴이)",국내도서>인문학>기호학/언어학>한국어/한문,"허웅이 독창적인 이론으로 체계를 세운, 15세기 국어 문법 연구서. 이론 면에서나 자료 면에서나 탁월한 업적으로 평가된다. 오직 문헌에 나타난 실증적 자료를 기초로 15세기 국어의 본질을 파악하고 그 체계를 세운다.",TRUE,7,국어문법|15세기국어|문헌연구|실증자료|한국어역사|언어체계|고전문법,=653  \\$a국어문법$a15세기국어$a문헌연구$a실증자료$a한국어역사$a언어체계$a고전문법,
종교,9788974615246,2026-05-01,100일 완성 사주명리 - 하루에 1단원씩 100일이면 완성하는 사주명리,무공 김낙범 (지은이),국내도서>종교/역학>역학>사주/궁합/예언,"초보자가 100일 동안 차근차근 공부하며 중급자, 나아가 고급자 수준까지 도달할 수 있도록, YouTube “무공 사주명리”를 통해 매일 1단원씩 진도에 맞추어 설계된 3권 시리즈이다.",TRUE,6,사주학습|명리학|초보자학습|중급자과정|고급자과정|사주풀이,=653  \\$a사주학습$a명리학$a초보자학습$a중급자과정$a고급자과정$a사주풀이,
종교,9791124172056,2026-05-06,참으로 언제나 마땅히,윤태진 (지은이),국내도서>종교/역학>불교>불교사/불교철학,,TRUE,7,불교철학|불교사상|선불교|명상수행|불교역사|불교윤리|불교문화,=653  \\$a불교철학$a불교사상$a선불교$a명상수행$a불교역사$a불교윤리$a불교문화,
종교,9791162019610,2026-05-15,"휴휴선(休休禪) - 쉬어라, 그 쉼마저 쉬어라",월암 (지은이),국내도서>종교/역학>불교>불교사/불교철학,『휴휴선(休休禪)』은 문경 한산사 용성선원에서 정진하며 사부대중 수행공동체 불이선회를 이끌고 있는 이 시대의 참된 수행자 월암 스님이 쉼 없이 앞만 보고 나아가는 현대인들의 숨통을 열어 줄 신선한 ‘쉼’의 선명상서다.,TRUE,7,선명상|불교철학|수행공동체|현대불교|마음챙김|불이선회|참선,=653  \\$a선명상$a불교철학$a수행공동체$a현대불교$a마음챙김$a불이선회$a참선,
종교,9791173790560,2026-04-30,불교학 개론 - 개정판,광명 (지은이),국내도서>종교/역학>불교>불교사/불교철학,"불교를 처음 접하는 재가신자와 초학자를 위한 체계적 안내서이다. 《반야심경》, 《대승기신론》 등 주요 경전·논서의 이해를 돕는 입문서로, 경전·논서의 핵심 사상을 이해하기 위한 교학적 배경의 필요성을 강조한다.",TRUE,7,불교철학|불교사상|반야심경|대승기신론|불교경전|교학적배경|재가신자,=653  \\$a불교철학$a불교사상$a반야심경$a대승기신론$a불교경전$a교학적배경$a재가신자,
종교,9791173325960,2026-04-24,참 영원한 성자들의 크신 사랑,김원수 (지은이),국내도서>종교/역학>종교일반>종교의 이해,"불세출의 도인 백성욱 박사의 제자이자, 평범한 공직자로 살면서도 성자의 품격을 지켜온 최의식 선생의 삶의 기록. 20여 년간 그의 곁을 지키며 시봉해온 저자 김원수 법사는, 관념 속에 박제된 성자가 아니라 세속의 치열한 삶 속에서 한 인간이 어떻게 변화하고 완성되어가는지를 생생하게 증언한다.",TRUE,5,성자수행|영적성장|도인철학|삶의변화|인간완성,=653  \\$a성자수행$a영적성장$a도인철학$a삶의변화$a인간완성,
종교,9791124013915,2026-04-30,여자의 후손 - 기독교와 이슬람 이해,최종국 (지은이),국내도서>종교/역학>기독교(개신교)>기독교 일반,"무슬림과 기독교 사이 가장 핵심적인 논쟁 지점인 예수님의 신성과 십자가에 죽으심을 다룬 이 책은, 드라마처럼 이어지는 등장인물의 대화를 통해 예수 그리스도 외에는 구원의 길이 없다는 진리를 쉽게 풀어내었다.",TRUE,7,예수신성|십자가|구원|기독교교리|무슬림논쟁|종교대화|기독교신앙,=653  \\$a예수신성$a십자가$a구원$a기독교교리$a무슬림논쟁$a종교대화$a기독교신앙,
사회과학,9791196628956,2026-05-30,농촌경제학,"최문식, 이소진 (지은이)",국내도서>사회과학>사회학>사회학 일반,"경제-사회-공간의 삼각구조 모형을 중심으로, 농촌의 인구동학과 가구경제, 협동조합과 사회적 자본, 다층적 산업생태계, 토지이용과 공간격차, 금융시스템, 개발정책의 정치경제학, 분석방법론, 기본사회론에 이르는 농촌경제의 핵심 영역을 이론적으로 정식화한다.",TRUE,7,농촌인구|가구경제|협동조합|사회적자본|산업생태계|토지이용|정치경제학,=653  \\$a농촌인구$a가구경제$a협동조합$a사회적자본$a산업생태계$a토지이용$a정치경제학,
사회과학,9791176310246,2026-05-26,AI가 놓치는 인간 언어의 순간들,Sophia Ra (지은이),국내도서>사회과학>사회학>사회학 일반,"20년 통역사가 현장 경험을 이야기한다. 의료, 복지, 비즈니스, 외교, 회의 통역. 각 현장에서 보고 배운 것들을 이야기하고, AI가 할 수 없는 것들을 분석한다. 맥락을 읽는 것, 문화를 이해하는 것, 윤리적 판단을 내리는 것. 왜 이것들은 인간만이 할 수 있는지에 대해 고민한다.",TRUE,7,통역사례|문화이해|윤리적판단|의사소통능력|맥락이해|인공지능한계|사회언어학,=653  \\$a통역사례$a문화이해$a윤리적판단$a의사소통능력$a맥락이해$a인공지능한계$a사회언어학,
사회과학,9791112194589,2026-05-15,한국행정학의 해석학적 거버넌스 - 의미·담론·제도·지능국가의 통합적 이해,김석준 (지은이),국내도서>사회과학>정치학/외교학/행정학>정책/행정/조직,,TRUE,3,정책분석|정책결정|행정제도,=653  \\$a정책분석$a정책결정$a행정제도,
사회과학,9791112194800,2026-05-16,Too New for News - 2026년 2호 미디어,김외현 (지은이),국내도서>사회과학>언론/미디어>언론학/미디어론,,TRUE,3,언론변화|저널리즘미래|언론학연구,=653  \\$a언론변화$a저널리즘미래$a언론학연구,
사회과학,9791143023650,2026-05-22,원서발췌 어린이의 세기,"엘렌 케이 (지은이), 정혜영 (옮긴이)",국내도서>사회과학>교육학>교육 일반,"20세기 교육학의 ‘이론적인 성서’로 불리는 루소의 ≪에밀≫이나 페스탈로치의 저서들과 대등한 수준으로 평가받는다. 엘렌 케이는 새롭게 시작되는 세기, 즉 20세기에 새로운 인간의 양성이 필요하며, 이는 새로운 교육을 통해서만 가능하다고 역설한다. 케이의 교육학은 ‘어린이로부터’라는 지향성 아래 ‘스스로 성장하게 함’을 목표로 하고 있다. 가정 교육의 중요성, 체벌 금지, 성적표 폐지, 대안학교 설립 등 이 책이 제시하는 여러 주장들은 출간된 지 100년이 지난 지금까지도 여전히 유효한 것이다.",TRUE,7,교육철학|가정교육|체벌금지|대안학교|아동발달|자기주도학습|교육개혁,=653  \\$a교육철학$a가정교육$a체벌금지$a대안학교$a아동발달$a자기주도학습$a교육개혁,
사회과학,9791189318833,2026-05-20,왜 여성은 일할수록 불리해질까? - 직장에서 반복되는 네 가지 편견,"조앤 C. 윌리엄스, 레이첼 뎀시 (지은이), 박다솜 (옮긴이)",국내도서>사회과학>사회학>사회학 일반,"여성은 왜 같은 일을 해도 더 많은 증명을 요구받을까? 조직 내 젠더와 계층 문제를 오랫동안 연구해 온 세계적 권위자 조앤 C. 윌리엄스와 작가이자 변호사 레이첼 뎀시는 이 질문에서 출발해, 직장에서 여성들이 반복적으로 겪는 문제를 개인의 능력이나 태도가 아니라 조직의 구조적인 편견으로 설명한다.",TRUE,7,젠더불평등|조직편견|직장문화|여성차별|계층문제|구조적불평등|성별고정관념,=653  \\$a젠더불평등$a조직편견$a직장문화$a여성차별$a계층문제$a구조적불평등$a성별고정관념,
사회과학,9791143023698,2026-05-22,[큰글자책] 원서발췌 아동교육 강연,"안톤 세묘노비치 마카렌코 (지은이), 팽영일 (옮긴이)",국내도서>사회과학>교육학>교육 일반,"선생은 있지만 스승은 없고, 공부는 있어도 교육은 없는 현대 사회의 부모들을 위한 책이다. 세계적인 교육학자 마카렌코가 제시하는 가정교육 방법은 새로운 공동체의 구성원으로서 부족함이 없는, 올바른 철학과 자율적인 규율을 지닌 주체적인 인간을 기르는 교육을 강조한다.",TRUE,7,가정교육|자율규율|교육철학|공동체교육|주체성교육|부모교육|현대교육,=653  \\$a가정교육$a자율규율$a교육철학$a공동체교육$a주체성교육$a부모교육$a현대교육,
사회과학,9791143023667,2026-05-22,[큰글자책] 원서발췌 어린이의 세기,"엘렌 케이 (지은이), 정혜영 (옮긴이)",국내도서>사회과학>교육학>교육 일반,"20세기 교육학의 ‘이론적인 성서’로 불리는 루소의 ≪에밀≫이나 페스탈로치의 저서들과 대등한 수준으로 평가받는다. 엘렌 케이는 새롭게 시작되는 세기, 즉 20세기에 새로운 인간의 양성이 필요하며, 이는 새로운 교육을 통해서만 가능하다고 역설한다. 케이의 교육학은 ‘어린이로부터’라는 지향성 아래 ‘스스로 성장하게 함’을 목표로 하고 있다. 가정 교육의 중요성, 체벌 금지, 성적표 폐지, 대안학교 설립 등 이 책이 제시하는 여러 주장들은 출간된 지 100년이 지난 지금까지도 여전히 유효한 것이다.",TRUE,7,교육철학|가정교육|체벌금지|대안학교|자기주도학습|교육개혁|아동발달,=653  \\$a교육철학$a가정교육$a체벌금지$a대안학교$a자기주도학습$a교육개혁$a아동발달,
사회과학,9788936481414,2026-05-22,믿고 싶은 것만 믿는 사람들 - 극단주의와 확증편향은 어떻게 만들어지는가,"데이비드 팩먼 (지은이), 김내훈 (옮긴이)",국내도서>사회과학>정치학/외교학/행정학>정치학 일반,350만 구독 유튜브 채널 ‘데이비드 팩먼 쇼’를 진행해오고 있는 저자 데이비드 팩먼은 『믿고 싶은 것만 믿는 사람들』(원제 The Echo Machine)에서 지금의 사회는 에코 체임버 현상을 넘어서서 ‘에코 머신’이라고 불릴 법한 확증 편향을 일으키는 기계가 되어버렸음을 설파한다.,TRUE,5,에코체임버|정보왜곡|정치양극화|사회심리|미디어영향,=653  \\$a에코체임버$a정보왜곡$a정치양극화$a사회심리$a미디어영향,
사회과학,9791160861488,2026-05-01,소송비용실무,소송비용실무 발간위원회 (지은이),국내도서>사회과학>법과 생활>소송법,,TRUE,7,소송절차|법률비용|소송전략|법률실무|소송관리|법률지원|소송경제성,=653  \\$a소송절차$a법률비용$a소송전략$a법률실무$a소송관리$a법률지원$a소송경제성,
자연과학,9791155818985,2026-05-22,세상에서 제일 다정한 양자 책 - 양자 컴퓨터와 초전도체 너머 양자역학의 미래,"짐 알칼릴리 (지은이), 김성훈 (옮긴이)",국내도서>과학>물리학>양자역학,양자의 의미와 철학부터 미래 기술의 가능성까지 양자역학의 모든 것을 친절하게 설명해주는 책이 나왔다. 영국에서 가장 사랑받는 과학 커뮤니케이터이자 30년 넘게 양자역학을 탐구해온 물리학자 짐 알칼릴리의 『세상에서 제일 다정한 양자 책』이다.,TRUE,5,양자철학|미래기술|과학커뮤니케이션|물리학|양자기술,=653  \\$a양자철학$a미래기술$a과학커뮤니케이션$a물리학$a양자기술,
자연과학,9791112195371,2026-05-14,SHEF HEALTH Vol.2,Brian Bae (지은이),국내도서>과학>공학>공학 일반,,TRUE,5,공학기술|기술혁신|산업응용|기술발전|공학연구,=653  \\$a공학기술$a기술혁신$a산업응용$a기술발전$a공학연구,
자연과학,9791158749309,2026-06-10,일상에서 발견한 물리학의 쓸모 - 당연한 일상을 새롭게 바라보는 물리학의 질문,"후위에하이 (지은이), 이지수 (옮긴이), 천년수 (감수)",국내도서>과학>물리학>물리학 일반,"뉴턴, 아인슈타인, 슈뢰딩거 등 12명의 물리학자와 함께 200년에 걸친 물리학의 흐름을 따라가는 교양 과학서다. 고전 역학에서 상대성 이론과 양자역학에 이르기까지, 물리학의 핵심 이론이 어떻게 탄생하고 발전해 왔는지를 하나의 이야기처럼 풀어낸다.",TRUE,7,고전역학|상대성이론|양자역학|물리학사|과학사|물리학자|교양과학,=653  \\$a고전역학$a상대성이론$a양자역학$a물리학사$a과학사$a물리학자$a교양과학,
자연과학,9791112194725,2026-05-13,SHEF SAFETY Vol.1,Brian Bae (지은이),국내도서>과학>공학>공학 일반,,TRUE,7,안전공학|위험관리|산업안전|재난대응|위험평가|공정안전|안전기술,=653  \\$a안전공학$a위험관리$a산업안전$a재난대응$a위험평가$a공정안전$a안전기술,
자연과학,9791174671752,2026-05-20,유전자는 어떻게 발견됐을까? - 십 대를 위한 하리하라의 생명과학 이야기,이은희 (지은이),국내도서>청소년>청소년 수학/과학,"씨앗을 심던 고대의 관찰에서 멘델의 완두콩 실험, DNA 이중나선 구조의 발견, 그리고 생명을 살리는 유전자 편집의 시대까지! 인류의 과거와 현재, 미래를 관통하는 유전학의 흐름이 한 권의 파노라마처럼 펼쳐진다.",TRUE,6,유전학|멘델유전법칙|DNA구조|유전자편집|청소년과학|과학사,=653  \\$a유전학$a멘델유전법칙$aDNA구조$a유전자편집$a청소년과학$a과학사,
자연과학,9791155819326,2026-05-26,원소 원정대 - 118개 캐릭터로 마스터하는 주기율표 공략집,"아게도리도리 (지은이), 박재현 (옮긴이), 장홍제 (감수)",국내도서>청소년>청소년 수학/과학,"원소 주기율표 속 원소들을 생동감 넘치는 캐릭터와 웅장한 세계관으로 만날 수 있는 신개념 화학책이다. 원소 주기율표와 각 원소들의 특성, 상호 작용 등을 게임 공략집처럼 재미있고 자연스럽게 익힐 수 있는 과학책이다.",TRUE,6,화학기초|청소년과학|원소특성|화학캐릭터|과학학습|화학상호작용,=653  \\$a화학기초$a청소년과학$a원소특성$a화학캐릭터$a과학학습$a화학상호작용,
자연과학,9791190266093,2026-06-08,"히스토리아 비테이 - 46억 년 전 지구 탄생부터 기후 변화와 AI까지, 세계적 석학이 들려주는 생명의 빅히",최재천 (지은이),국내도서>과학>기초과학/교양과학,"세계적인 생태학자 최재천이 자연과학에서 출발해 인문학까지 섭렵한 자신의 학문 성과를 한 권 책에 담았다. 책 제목 ‘히스토리아 비테이’는 “태초부터 지금까지 이어진 생명의 역사를 과거, 현재, 미래와의 관계 속에서 조명하여 지혜를 얻는다”는 뜻이다.",TRUE,5,생명역사|인공지능|생태학|지구과학|자연사,=653  \\$a생명역사$a인공지능$a생태학$a지구과학$a자연사,
자연과학,9791194172253,2026-05-12,하늘과 땅과 사람의 과학 - 세상을 널리 이롭게 하는 우리 과학 이야기,김연희 (지은이),국내도서>과학>과학의 이해>과학사/기술사,"과학을 기술의 발전으로만 보지 않는다. 대신 사람들이 세계를 이해하고 꾸려온 방식, 즉 ‘문화적 실천’이라 말한다. 우주의 질서를 삶의 기준으로 삼았고(천문), 우리가 사는 터전을 체계적으로 파악하려 했고(지리), 생명을 보호하고 공동체를 유지하고자 했다(의학).",TRUE,7,과학사|기술사|천문학|지리학|의학사|문화적실천|우주질서,=653  \\$a과학사$a기술사$a천문학$a지리학$a의학사$a문화적실천$a우주질서,
자연과학,9791191979787,2026-05-29,라면의 과학,지영준 (지은이),국내도서>과학>기초과학/교양과학,"라면은 단순한 인스턴트 식품일까, 아니면 인류의 기술과 선택이 축적된 결과물일까. 이 책은 우리가 너무 익숙해 오히려 질문하지 않았던 ‘라면’이라는 음식을, 인문학과 과학의 시선으로 다시 들여다본다.",TRUE,5,인스턴트식품|식품과학|기술발전|인문학적시선|음식문화,=653  \\$a인스턴트식품$a식품과학$a기술발전$a인문학적시선$a음식문화,
자연과학,9791193135440,2026-05-22,[큰글자책] 염증성 장질환 - 크론병과 궤양성 대장염,최연호 (지은이),국내도서>과학>의학,"염증성 장질환의 정확한 진단 절차(혈액·대변 검사, 내시경, 영상검사)와 항염증제, 면역조절제, 생물학적 제제 등 최신 치료 전략을 상세히 소개하며, 소아청소년기의 성장 관리와 부작용 대응 방안도 함께 담았다.",TRUE,7,염증관리|면역조절|생물학적치료|소아청소년성장|부작용대응|내시경검사|항염증제,=653  \\$a염증관리$a면역조절$a생물학적치료$a소아청소년성장$a부작용대응$a내시경검사$a항염증제,
기술과학,9791175790568,2026-05-25,"누구나 프로처럼 실전 AI 조코딩의 바이브 코딩 1인 창업 wih 클로드 코드, 수파베이스, 스트라이프 - ",조동근(조코딩) (지은이),국내도서>컴퓨터/모바일>인공지능,"73만 유튜버 ‘조코딩 JoCoding’의 <바이브 코딩 1인 창업> 강의를 한 권으로 정리한 매뉴얼이다. ‘기획 → 개발 → UX/UI → 마케팅 → 데이터 분석 → 엑시트’까지 1인 창업의 흐름을 정돈했으며, 코드스페이스·클라우드플레어·수파베이스 등 실무 도구의 활용법도 담았다.",TRUE,6,AI활용|UX디자인|데이터분석|클라우드플레어|코드스페이스|마케팅전략,=653  \\$aAI활용$aUX디자인$a데이터분석$a클라우드플레어$a코드스페이스$a마케팅전략,
기술과학,9791124373064,2026-06-20,"취미가 돈이 되는 인스타툰 - 인스타그램에서 연재하는 웹툰, 브랜딩부터 수익화까지 다 되는 인스타툰 작가 데",뇽(이건용) (지은이),국내도서>컴퓨터/모바일>그래픽/멀티미디어>그래픽 일반,"퇴근 후 남는 시간, 낙서처럼 가볍게 시작한 한 장의 그림이 새로운 기회가 될 수도 있다. 그런 가능성을 가장 현실적으로 보여 주는 인스타툰 입문서다. 퍼스널 브랜딩'이라는 관점을 중심으로, 단순한 부업을 넘어 자신만의 콘텐츠와 브랜드를 만들어 가는 과정을 현실적으로 담아냈다.",TRUE,4,퍼스널브랜딩|부업|콘텐츠제작|그래픽일반,=653  \\$a퍼스널브랜딩$a부업$a콘텐츠제작$a그래픽일반,
기술과학,9791163038580,2026-05-30,Do it! 유니티 6로 게임 제작 & 출시하기 - AI 시대에 게임 업계가 바라는 제작 전략을 담았다!,고정운 (지은이),국내도서>컴퓨터/모바일>프로그래밍 개발/방법론>게임 프로그래밍,"탑다운 슈팅 게임을 직접 만들며 플레이어 이동, 애니메이션, 발사체, 충돌 판정, 스킬 시스템, 적 AI, UI, 레벨업, 데이터 저장, 최적화까지 게임 개발의 핵심 요소를 실전 흐름 안에서 익힌다. 특히 유니티 6의 최신 개발 환경을 반영했으며, 기능이 늘어나도 안정적으로 확장할 수 있는 구조 설계를 함께 다룬다.",TRUE,6,탑다운슈팅|플레이어이동|애니메이션제작|충돌판정|스킬시스템|적AI,=653  \\$a탑다운슈팅$a플레이어이동$a애니메이션제작$a충돌판정$a스킬시스템$a적AI,
기술과학,9791143025852,2026-05-27,AI와 규제샌드박스,최해옥 (지은이),국내도서>컴퓨터/모바일>인공지능,"마가린 색상 규제의 역사에서 출발해 AI 시대 규제의 조건을 묻는다. 규제샌드박스는 혁신을 방치하는 면허가 아니라, 통제된 실험을 통해 제도를 다시 설계하는 장치다. 영국, EU, 싱가포르, 일본, 중국, 한국의 사례를 비교하고, 한국 제도의 양적 성과와 학습 부족을 짚는다.",TRUE,7,인공지능규제|혁신정책|규제완화|국제비교|제도설계|한국정책|기술혁신,=653  \\$a인공지능규제$a혁신정책$a규제완화$a국제비교$a제도설계$a한국정책$a기술혁신,
기술과학,9791143025869,2026-05-22,[큰글자책] AI와 규제샌드박스,최해옥 (지은이),국내도서>컴퓨터/모바일>인공지능,"마가린 색상 규제의 역사에서 출발해 AI 시대 규제의 조건을 묻는다. 규제샌드박스는 혁신을 방치하는 면허가 아니라, 통제된 실험을 통해 제도를 다시 설계하는 장치다. 영국, EU, 싱가포르, 일본, 중국, 한국의 사례를 비교하고, 한국 제도의 양적 성과와 학습 부족을 짚는다.",TRUE,6,인공지능정책|규제혁신|국제비교|한국제도|혁신사례|기술규제,=653  \\$a인공지능정책$a규제혁신$a국제비교$a한국제도$a혁신사례$a기술규제,
기술과학,9791175790599,2026-06-11,"하네스 엔지니어링 with 클로드 코드 - AI 에이전트 팀을 설계·운영하는 개발자의 실전 가이드, 누구나 ",황민호 (지은이),국내도서>컴퓨터/모바일>인공지능,"AI 에이전트를 직접 설계하고 운영하는 하네스 엔지니어링 실전서다. 에이전트, 스킬, 오케스트레이터 설계 원칙과 메타스킬, 아키텍처 패턴, 실전 사례를 마크다운 파일로 익히며 에이전트 팀 구축 방법을 학습할 수 있다.",TRUE,5,오케스트레이터|메타스킬|아키텍처패턴|마크다운|팀구축,=653  \\$a오케스트레이터$a메타스킬$a아키텍처패턴$a마크다운$a팀구축,
기술과학,9788931482973,2026-06-12,2027 이기적 AI-POT AI 프롬프트활용능력 2급 기본서 - 한국생산성본부(KPC) 공식인증교재+동영상,김영진 (지은이),국내도서>컴퓨터/모바일>활용능력>신규 자격증/자격증 기타,"AI-POT(AI 프롬프트활용능력) 2급 시험 대비 기본서다. 최신 출제 경향을 반영한 핵심 이론과 프롬프트 예시를 수록했으며, 예상문제와 모의고사 5회분으로 실전 대비가 가능하다. 무료 동영상 강의와 AI 생성 이미지도 함께 제공해 독학 학습에 활용할 수 있다.",TRUE,6,AI자격증|생성AI|시험대비|독학학습|핵심이론|예상문제,=653  \\$aAI자격증$a생성AI$a시험대비$a독학학습$a핵심이론$a예상문제,
기술과학,9788931482980,2026-06-26,2027 이기적 AI-POT AI 프롬프트활용능력 1급 기본서 - 동영상 강의 무료+실습 파일 제공,김영진 (지은이),국내도서>컴퓨터/모바일>활용능력>신규 자격증/자격증 기타,"AI-POT(AI 프롬프트활용능력) 1급 시험 대비 기본서다. 최신 출제 경향을 반영한 핵심 이론과 프롬프트 예시, 최신 AI 기술 동향과 실무 팁을 수록했으며 예상문제와 모의고사 5회분으로 실전 대비가 가능하다. 무료 동영상 강의와 AI 생성 이미지도 함께 제공한다.",TRUE,5,AI기술|자격증대비|모의고사|예상문제|이미지생성,=653  \\$aAI기술$a자격증대비$a모의고사$a예상문제$a이미지생성,
기술과학,9791194642800,2026-05-27,"생성형 AI 전문가 남기종, 장소영의 최신 스마트폰 AI 활용 백과 - 챗GPT부터 이미지 생성까지 한 권으","남기종, 장소영 (지은이)",국내도서>컴퓨터/모바일>인공지능,"디지털 기술은 우리 삶에 큰 변화를 가져다주고 있다. AI는 더 이상 미래의 기술이 아니라, 지금 이 순간에도 우리의 일상에 깊숙이 자리 잡고 있다. 처음 AI를 접하시는 분들도 쉽게 따라 하실 수 있도록, 아주 기본적인 것부터 차근차근 설명한다.",TRUE,4,디지털기술|일상AI|기초AI|인공지능,=653  \\$a디지털기술$a일상AI$a기초AI$a인공지능,
기술과학,9791193229460,2026-05-26,AI 이해력 - 우리가 질문하면 AI는 어떻게 답을 하는가?,박민경 (지은이),국내도서>컴퓨터/모바일>인공지능,"AI의 동작 원리를 이해하고 싶은 분들을 위한 책이다. 단순한 기술 이론서도, 당장 써먹고 금세 낡아버릴 실무 요령집도 아닌, 그 중간에 있는 '기술의 알맹이'를 다룬다.",TRUE,6,인공지능원리|기술이해|AI작동방식|기술핵심|AI질문응답|기술중간단계,=653  \\$a인공지능원리$a기술이해$aAI작동방식$a기술핵심$aAI질문응답$a기술중간단계,
예술,9791124274750,2026-04-30,하우스 디자인 사례 모음,하랑출판 편집부 (지은이),국내도서>예술/대중문화>건축>건축이야기/건축가,,TRUE,6,주택건축|현대건축|건축가|주거공간|건축사례|주택설계,=653  \\$a주택건축$a현대건축$a건축가$a주거공간$a건축사례$a주택설계,
예술,9791124274767,2026-04-30,새로운 박물관 건축의 트랜드,하랑출판 편집부 (지은이),국내도서>예술/대중문화>건축>건축이야기/건축가,,TRUE,6,현대건축|건축디자인|전시공간|건축트렌드|공공건축|문화공간,=653  \\$a현대건축$a건축디자인$a전시공간$a건축트렌드$a공공건축$a문화공간,
예술,9791199314306,2026-05-08,밀라노 건축 여행 - 이탈리아 건축가와 함께 걷는 도시 산책,조항준 (지은이),국내도서>예술/대중문화>건축>건축이야기/건축가,"""밀라노는 패션의 도시니까 쇼핑만 하면 돼."" ""두오모만 보면 다 본 거 아냐?"" 이 책은 그 편견을 뒤집는다. 각 건축물의 설계 철학과 도시적 맥락을 현지 취재 사진과 함께 담았고, QR 코드로 구글 지도와 바로 연결된다. 건축을 잘 몰라도 쉽게 읽을 수 있는 여행서이자, 도시재생 실무자에게는 밀라노의 재생 전략을 현장에서 확인할 수 있는 안내서다.",TRUE,5,도시재생|건축철학|현대건축|재생전략|건축,=653  \\$a도시재생$a건축철학$a현대건축$a재생전략$a건축,
예술,9788970414812,2026-04-27,하이엔드 건축미학 - 오병환의 프라이드,오병환 (지은이),국내도서>예술/대중문화>건축>건축이야기/건축가,"25년 건설 인생의 정수, 대관령 800m 청정고원에 세운 ‘더 에스테이트’의 시공 전 과정을 다큐멘터리 형식으로 기록한 단 하나의 건축 실전서.",TRUE,7,건축다큐멘터리|건축실전|현대건축|건축디자인|시공과정|고급건축|청정건축,=653  \\$a건축다큐멘터리$a건축실전$a현대건축$a건축디자인$a시공과정$a고급건축$a청정건축,
예술,9791124274095,2026-04-27,낭만으로 지은 에코 하우스,하랑출판 편집부 (지은이),국내도서>예술/대중문화>건축>건축이야기/건축가,,TRUE,7,친환경건축|건축디자인|건축가이야기|지속가능건축|건축철학|에코디자인|건축사조,=653  \\$a친환경건축$a건축디자인$a건축가이야기$a지속가능건축$a건축철학$a에코디자인$a건축사조,
예술,9791124274644,2026-04-27,자연 친화적인 도시공원 시설,하랑출판 편집부 (엮은이),국내도서>예술/대중문화>건축>건축이야기/건축가,,TRUE,7,도시건축|공공디자인|환경디자인|조경건축|지속가능건축|친환경건축|도시계획,=653  \\$a도시건축$a공공디자인$a환경디자인$a조경건축$a지속가능건축$a친환경건축$a도시계획,
예술,9791199775770,2026-05-25,강만홍의 멍춤 콘서트,강만홍 (지은이),국내도서>예술/대중문화>연극>연극사/연극.희극론/연극비평,"수많은 번뇌와 집착. 현대인이 겪는 모든 마음병의 근원이다. 여기에서 벗어나 괴로움이 멈춘 상태를 뜻하는 닐바나(nirvana). 이 책은 퍼포머이자 연기자, 전 서울예술대 강만홍 교수가 건네주는 닐바나에 이르는 길이다. 그것은 곧 멍춤. 텅빔의 상태다.",TRUE,7,연극비평|현대연극|퍼포먼스아트|연극사|마음치유|현대무용|명상,=653  \\$a연극비평$a현대연극$a퍼포먼스아트$a연극사$a마음치유$a현대무용$a명상,
예술,9791124128572,2026-04-27,연극 그리고 제국,"벤자민 푸어 (지은이), 박희본 (옮긴이)",국내도서>예술/대중문화>연극>연극사/연극.희극론/연극비평,"벤자민 푸어(Benjamin Poore)는 이 책에서 영국 제국주의와 이후 패권을 움켜쥔 미국 ‘제국주의’의 결과로 탄생한 다양한 극작품들을 제시하며 분석하고, 어떤 방식으로 관객을 사로잡았는지 파헤치고 있다. 과거의 대영제국과 현재의 미국 제국에 관한 관심이 결합하면서 연극계에서 제국을 주제로 한 연극이 급증했다.",TRUE,7,제국주의|영국연극|미국연극|극작품분석|연극비평|대영제국|연극사,=653  \\$a제국주의$a영국연극$a미국연극$a극작품분석$a연극비평$a대영제국$a연극사,
예술,9788936812737,2026-05-27,오페라에서 상속을 만나다,"강성민, 윤형산 (지은이)",국내도서>예술/대중문화>뮤지컬/오페라,"무대 위에는 사랑과 욕망, 선택이 흐르고 막이 내린 뒤에는 ‘유산’이 남는다. 이제부터 도니체티, 로시니, 모차르트, 베르디, 바그너, 푸치니에 이르기까지 세계적인 오페라 속 인물들의 이야기를 따라가며 우리가 현실에서 마주하게 되는 상속과 증여, 세금의 문제를 흥미롭게 풀어낸다.",TRUE,5,증여|세금문제|도니체티|로시니|모차르트,=653  \\$a증여$a세금문제$a도니체티$a로시니$a모차르트,
예술,9791199573925,2026-07-14,허수아비 대본집 세트,이지현 (지은이),국내도서>예술/대중문화>영화/드라마>시나리오/시나리오작법,실제 사건에서 모티브를 얻은 연쇄살인 사건의 ‘진범 검거 이후’를 다룬 독창적인 설정으로 시작부터 강렬한 화제를 모은 ENA 월화 드라마 〈허수아비〉가 작가판 무삭제 대본집으로 독자들을 찾아온다.,TRUE,6,연쇄살인|진범검거|드라마대본|시나리오작법|범죄드라마|무삭제대본,=653  \\$a연쇄살인$a진범검거$a드라마대본$a시나리오작법$a범죄드라마$a무삭제대본,
교육,9791167845481,2026-05-08,취득세 판례분석,김홍권 (지은이),국내도서>대학교재/전문서적>경상계열>세무/회계,"취득세 분석방법을 제시하는 교재다. 단순 판례 소개를 넘어, 사건의 일자별 흐름과 과세요건 충족시점 중심 분석을 통한 취득세 소송의 사고방식을 제시한다. 조세법률주의, 실질과세원칙, 신뢰보호원칙, 취득세 감면 등 핵심 쟁점을 판례를 통해 입체적으로 설명하였다.",TRUE,5,조세법률주의|신뢰보호원칙|세무소송|과세요건|세법분석,=653  \\$a조세법률주의$a신뢰보호원칙$a세무소송$a과세요건$a세법분석,
교육,9791191980400,2026-04-23,가지급금 정리 백서 - 개정판,안성희 (지은이),국내도서>대학교재/전문서적>경상계열>세무/회계,,TRUE,6,세무회계|회계관리|세무전략|재무분석|기업재무|회계실무,=653  \\$a세무회계$a회계관리$a세무전략$a재무분석$a기업재무$a회계실무,
교육,9791171021741,2026-04-30,"퇴직연금 실무 - 퇴직연금 통합지침서, 제4판",손재성 (지은이),국내도서>대학교재/전문서적>경상계열>세무/회계,"「근로자퇴직급여보장법」 및 「퇴직연금감독규정」 기반 퇴직연금제도를 실무업무와 연계해 금융기관 직원과 기업 실무자가 본서만으로도 업무가 가능하도록 했다. 세제와 회계처리, 불완전판매 이슈까지 정리했다.",TRUE,5,근로자퇴직급여보장법|세무회계|금융기관실무|회계처리|불완전판매,=653  \\$a근로자퇴직급여보장법$a세무회계$a금융기관실무$a회계처리$a불완전판매,
교육,9791167845337,2026-04-27,조세법전 시행규칙반영 2026,삼일피더블유씨솔루션 (지은이),국내도서>대학교재/전문서적>경상계열>세무/회계,"세법 관련 시험 대비와 실무 학습에 활용할 수 있는 세법전이다. 한글화된 법령과 9대 세법 색인, 세분류 검색으로 필요한 조문을 빠르게 찾을 수 있고, 2026년 주요 세법 개정내용까지 함께 정리했다.",TRUE,6,세무회계|세법개정|세법시험|세법학습|조문검색|세법실무,=653  \\$a세무회계$a세법개정$a세법시험$a세법학습$a조문검색$a세법실무,
교육,9791171021734,2026-04-24,원재훈 파이널 세법학 - 제3판,원재훈 (지은이),국내도서>수험서/자격증>국가전문자격>세무사,"세무사 시험 대비 세법학 요약서다. 핵심 주제와 암기 내용을 선별해 정리했고, 복잡한 세법 조문을 이해하기 쉬운 문구로 정리했다. 키워드와 취지 중심 학습으로 답안 작성 능력까지 함께 대비할 수 있다.",TRUE,6,세무사시험|세법요약|세법조문|암기학습|답안작성|국가자격증,=653  \\$a세무사시험$a세법요약$a세법조문$a암기학습$a답안작성$a국가자격증,
교육,9791160643848,2026-04-23,2026 비상장 주식평가실무 - 개정 13판,"김완일, 김재은 (지은이)",국내도서>대학교재/전문서적>경상계열>세무/회계,"비상장주식 가치평가의 기본원리와 세무상 처리방법을 사례 중심으로 해설한 실무서다. 회사가 주식을 취득·감자·소각하는 과정에서 발생하는 절차, 회계처리, 세무 이슈를 단계별로 정리하여 자사주 소각 실무의 판단 기준을 제시한다.",TRUE,6,주식가치평가|세무처리|회계처리|자사주소각|세무이슈|주식감자,=653  \\$a주식가치평가$a세무처리$a회계처리$a자사주소각$a세무이슈$a주식감자,
교육,9791171012435,2026-05-01,영어 회화가 아닌 영어 대화,이생로라(장현정) (지은이),국내도서>외국어>영어회화>생활영어,"많은 이들이 수많은 영어 표현을 외우지만, 막상 실전 대화에서는 한국식 겸손과 과한 사과, 혹은 모호한 답변으로 자신을 낮추곤 한다. &lt;영어 회화가 아닌 영어 대화&gt;는 영어라는 언어의 맥락 안에서 어떻게 하면 ‘나를 낮추지 않으면서도 상대의 마음을 움직이는가’에 집중하여 그에 맞는 표현과 매너 가이드를 제시한다.",TRUE,7,생활영어|영어표현|대화기술|문화차이|커뮤니케이션능력|자신감향상|매너가이드,=653  \\$a생활영어$a영어표현$a대화기술$a문화차이$a커뮤니케이션능력$a자신감향상$a매너가이드,
교육,9791175982116,2026-04-29,토익 만점 카투사도 안 들리는 미국 뉴스 학습 노트,꿈꾸는 개츠비 (지은이),국내도서>외국어>영어듣기/말하기,"제목 그대로 「NBC Nightly News」, 「Meet the Press」 같은 미국 뉴스 프로그램을 들으며 잘 들리지 않는 단어와 구문, 실제 말하기나 글쓰기에서 활용할 수 있는 표현을 정리하고, 실제 맥락 속 쓰임을 살펴보며 자연스럽게 익히도록 구성했다.",TRUE,7,영어뉴스|청취훈련|미국문화|구문연습|표현력향상|실전영어|듣기연습,=653  \\$a영어뉴스$a청취훈련$a미국문화$a구문연습$a표현력향상$a실전영어$a듣기연습,
교육,9788967152475,2026-05-08,한 권으로 끝내는 잉글리쉬앤 토익 700+ - LC + RC + VOCA,"피터(김부로), 잉글리쉬앤 어학연구소 (지은이)",국내도서>외국어>토익>종합,"토익 700점 이상을 목표로 하는 학습자를 위한 토익 종합서이다. 토익 700점 이상 달성을 위해 반드시 알아야 하는 핵심 포인트를 체계적으로 정리하여, 각 파트의 출제 원리와 빈출 패턴을 보다 쉽게 이해할 수 있도록 했다.",TRUE,6,토익학습|영어듣기|영어독해|어휘학습|시험전략|빈출패턴,=653  \\$a토익학습$a영어듣기$a영어독해$a어휘학습$a시험전략$a빈출패턴,
교육,9788962811803,2026-05-29,파고다 토익 스피킹 실전 모의고사 30회 - IM2-AL 한 권 완성,최서원 (지은이),국내도서>외국어>토익>토익 Speaking,"최신 토익스피킹 출제 경향을 완벽하게 반영한 실전 대비서로, 파트별 문제 유형과 핵심 전략을 체계적으로 학습할 수 있도록 구성하였다. 실제 시험 흐름과 난이도를 반영한 실전 모의고사 30회분을 통해 충분한 연습이 가능하며, 다양한 유형에도 흔들리지 않는 답변 실력을 완성할 수 있다.",TRUE,6,실전대비|문제유형|핵심전략|시험연습|답변실력|출제경향,=653  \\$a실전대비$a문제유형$a핵심전략$a시험연습$a답변실력$a출제경향,
자기계발,9791112192349,2026-05-11,"취업하라니, 어떻게 - 현직 대학 컨설턴트의 채용공고 기반 취업 전략",이서명 (지은이),국내도서>자기계발>취업/진로/유망직업>국내 진학/취업,,TRUE,6,진로설계|채용정보|면접기술|자기소개서|직무분석|경력개발,=653  \\$a진로설계$a채용정보$a면접기술$a자기소개서$a직무분석$a경력개발,
자기계발,9791112193094,2026-05-11,"결정하지 않는 힘 - AI 시대, 당신의 뇌를 구하는 결정 제거의 기술",정의 (지은이),국내도서>자기계발>성공>성공학,,TRUE,6,의사결정|뇌과학|자기효능감|스트레스관리|심리기술|디지털디톡스,=653  \\$a의사결정$a뇌과학$a자기효능감$a스트레스관리$a심리기술$a디지털디톡스,
자기계발,9791172134235,2026-06-01,"출근길의 주문 - 일하는 여자들을 지탱하는 언어와 관계, 그리고 마음, 개정증보판",이다혜 (지은이),국내도서>자기계발>여성의 자기계발,"이다혜 작가의 베스트셀러 《출근길의 주문》이 7년 만에 개정증보판으로 돌아왔다. 이번 개정증보판은 초판의 내용 중 시간이 흘러 변화한 부분을 업데이트하고 새로운 글들을 더해 구성을 대폭 개편했다. 그사이 성년이 되어 사회에 진입한 초년생부터, 후배에서 선배로 이동해 다른 종류의 고민을 품게 된 여성들까지 두루 듣고 활용할 만한 노하우가 가득하다.",TRUE,7,자기효능감|직장여성|감정조절|커리어개발|멘탈관리|일과삶균형|사회초년생,=653  \\$a자기효능감$a직장여성$a감정조절$a커리어개발$a멘탈관리$a일과삶균형$a사회초년생,
자기계발,9791139232288,2026-05-12,마음이 통해야 말이 통한다 - 감정이 바꾸는 진짜 대화,신정민 (지은이),국내도서>자기계발>인간관계>인간관계,"사람들은 종종 ‘말이 통하지 않는다’고 말한다. 하지만 말이 통하지 않는 이유는 말의 문제가 아니라 마음의 거리에서 시작되는 경우가 많다. 이 책 『마음이 통해야 말이 통한다』는 스트레스와 감정의 이해에서 출발해, 마음을 연결하는 대화와 존중의 태도를 통해 관계를 회복하고 성장시키는 방법을 이야기한다.",TRUE,6,관계회복|대화기술|스트레스관리|존중태도|심리소통|인간관계향상,=653  \\$a관계회복$a대화기술$a스트레스관리$a존중태도$a심리소통$a인간관계향상,
자기계발,9791164461530,2026-06-20,바로 써먹는 스피치 교과서,김태옥 (지은이),국내도서>자기계발>협상/설득/화술>화술,,TRUE,7,화술기법|설득기술|대화능력|커뮤니케이션스킬|자기표현|청중분석|발표능력,=653  \\$a화술기법$a설득기술$a대화능력$a커뮤니케이션스킬$a자기표현$a청중분석$a발표능력,
자기계발,9791112194602,2026-05-15,방탄자기계발사관학교 8 - 시대에 맞는 인재 양성 시스템,"최보규, 서윤희 (지은이)",국내도서>자기계발>성공>성공학,,TRUE,6,성공전략|인재개발|리더십|창의적사고|문제해결능력|자기효능감,=653  \\$a성공전략$a인재개발$a리더십$a창의적사고$a문제해결능력$a자기효능감,
자기계발,9791112194596,2026-05-15,방탄자기계발사관학교 7 - 시대에 맞는 인재 양성 시스템,"최보규, 서윤희 (지은이)",국내도서>자기계발>성공>성공학,,TRUE,6,성공전략|도전심리|실패극복|목표설정|자기효능감|습관형성,=653  \\$a성공전략$a도전심리$a실패극복$a목표설정$a자기효능감$a습관형성,
자기계발,9791171831708,2026-05-21,아무리 화가 나도 바보와는 싸우지 마라,"다무라 고타로 (지은이), 송수진 (옮긴이)",국내도서>자기계발>인간관계>인간관계,"아시아를 넘어 전 세계에서 인정받은 오피니언 리더가 전하는 관계와 삶에 대한 통찰이기에 더욱 신뢰하며 읽을 수 있고, 나라와 문화가 달라도 인간관계와 삶에 대한 진리는 변하지 않는다는 것을 다시 한번 깨닫게 한다.",TRUE,7,인간관계|감정조절|갈등관리|자기통제|대인기술|심리적안정|의사소통능력,=653  \\$a인간관계$a감정조절$a갈등관리$a자기통제$a대인기술$a심리적안정$a의사소통능력,
자기계발,9791112191953,2026-05-11,강의의 기술,이연주(신비혜) (지은이),국내도서>자기계발>협상/설득/화술>화술,,TRUE,7,화술기법|설득전략|프레젠테이션|청중분석|커뮤니케이션능력|공감대화|표현력향상,=653  \\$a화술기법$a설득전략$a프레젠테이션$a청중분석$a커뮤니케이션능력$a공감대화$a표현력향상,
자기계발,9791199136670,2026-05-28,생각만 바꿔도 인생이 바뀐다,김태환 (지은이),국내도서>자기계발>성공>성공학,"단순히 긍정적으로 생각하라고 말하는 책이 아니다. 이 책은 우리가 매일 아무 의심 없이 받아들이는 생각들이 어떻게 감정을 만들고, 행동을 결정하며, 결국 인생까지 바꾸는지를 다룬다.",TRUE,6,인지재구성|감정조절|행동변화|자기효능감|사고전환|성공학,=653  \\$a인지재구성$a감정조절$a행동변화$a자기효능감$a사고전환$a성공학,
기타,9791173579776,2026-05-20,4~7세 총명한 아이는 이렇게 먹습니다 - 두뇌와 면역이 완성되는 결정적 식사법,한형선 (지은이),국내도서>좋은부모>육아>육아법/육아 일반,아이가 평생 사용할 뇌의 90%가 완성되는 4~7세. 이 시기에 많은 부모의 가장 큰 고민인 ‘공부머리’와 ‘건강’을 해결할 방법은 비싼 학원이나 영양제가 아니다. 바로 매일 만나는 ‘밥상’에 있다. 『4~7세 총명한 아이는 이렇게 먹습니다』는 두뇌 발달과 면역력이 결정되는 골든타임인 4~7세 시기를 위해 영양학적인 솔루션을 제시한다.,TRUE,7,두뇌발달|면역력|영양학|육아법|어린이식단|공부머리|골든타임,=653  \\$a두뇌발달$a면역력$a영양학$a육아법$a어린이식단$a공부머리$a골든타임,
기타,9791112195401,2026-05-14,"아빠가 쉽게 풀어주는 특목고 필독서 - 생각을 넓고, 질문은 깊게, 합격은 가까이",FortunetellerCpa (지은이),국내도서>좋은부모>교육/학습>진로/진학,,TRUE,6,진로지도|학습법|비판적사고|질문기법|교육전략|자기주도학습,=653  \\$a진로지도$a학습법$a비판적사고$a질문기법$a교육전략$a자기주도학습,
기타,9791197805059,2026-05-25,수학력 있는 아이 - 부모가 먼저 설계해야 할 AI 시대 수학 공부법,정재성 (지은이),국내도서>좋은부모>교육/학습>학교/학습법,"목동, 대치동, 평촌 등 주요 학원가에서 17년간 수학을 가르쳐온 정재성 작가가 『수학력 있는 아이』를 통해 AI 시대에 필요한 수학교육의 본질을 짚는다. 그는 우리가 그동안 수학을 빠른 계산과 공식 암기에 치우친 좁은 개념으로 이해해왔다고 지적한다.",TRUE,7,수학교육|AI교육|창의력|교육혁신|학습법|미래교육|교육트렌드,=653  \\$a수학교육$aAI교육$a창의력$a교육혁신$a학습법$a미래교육$a교육트렌드,
기타,9791199809055,2026-05-15,십대들의 성교육 - 장난기 빼고 존중하며 성에 대해 토론하기,김미숙 (지은이),국내도서>좋은부모>청소년/사춘기/성교육,사춘기의 특성과 발달단계를 이해할 수 있는 내용을 먼저 소개한다. 무엇보다 사춘기라는 인생의 첫 번째 고비를 지나며 방황하는 아이들에게 이 책이 작은 도움이 되기를 바라는 마음을 담았다.,TRUE,7,사춘기발달|청소년심리|성인지교육|부모역할|청소년소통|성장과정|청소년문제,=653  \\$a사춘기발달$a청소년심리$a성인지교육$a부모역할$a청소년소통$a성장과정$a청소년문제,
기타,9791199144996,2026-05-15,질문하는 아이로 키워라,박점식 (지은이),국내도서>좋은부모>육아/교육 에세이,,TRUE,7,창의교육|비판적사고|자기주도학습|부모역할|질문기법|육아철학|교육방법,=653  \\$a창의교육$a비판적사고$a자기주도학습$a부모역할$a질문기법$a육아철학$a교육방법,
기타,9791112188687,2026-05-04,A.I.시대의 하브루타,이종형 (지은이),국내도서>좋은부모>외국의 육아.교육>유대인 교육법/하브루타,,TRUE,7,유대인교육|창의적사고|비판적사고|미래교육|인공지능교육|자기주도학습|교육혁신,=653  \\$a유대인교육$a창의적사고$a비판적사고$a미래교육$a인공지능교육$a자기주도학습$a교육혁신,
기타,9791112188120,2026-05-05,"아이의 사고력은 가르칠 수 없다 - AI 시대, 부모가 만드는 아이의 생각 환경",장영렬 (지은이),국내도서>좋은부모>교육/학습>창의 교육,,TRUE,7,창의교육|사고력발달|미래교육|디지털리터러시|창의적사고|교육환경|부모역할,=653  \\$a창의교육$a사고력발달$a미래교육$a디지털리터러시$a창의적사고$a교육환경$a부모역할,
기타,9791130676838,2026-05-13,0~5세 기적의 미술 놀이 - 아이의 두뇌 발달 초간단 놀이 가이드 95,우예림(헤이오아이) (지은이),국내도서>좋은부모>교육/학습>놀이/체험학습,"일러스트레이터이자 디자이너로 활동하던 저자 역시 워킹맘이 된 이후 시간과 에너지의 한계를 느꼈고, 복잡한 준비 없이도 바로 시작할 수 있는 ‘간단하고 효과적인 미술 놀이’의 필요성을 절감했다. 오랜 고민 끝에 누구나 쉽게 따라 할 수 있고, 짧은 시간 안에 실천 가능하며, 아이의 발달에도 도움이 되는 ‘초간단 미술 놀이 레시피 95가지’를 이 책에 담았다.",TRUE,6,유아미술|놀이교육|체험학습|워킹맘|창의력|발달놀이,=653  \\$a유아미술$a놀이교육$a체험학습$a워킹맘$a창의력$a발달놀이,
기타,9791168274532,2026-05-22,학습 민첩성의 힘 - 오늘의 정답이 내일의 오답이 되는 시대를 위한 최소한의 생존 학습법,신종호 (지은이),국내도서>좋은부모>교육/학습>학교/학습법,"활발한 대중 강연과 대학 강단에서 수많은 학생을 만나고, 그들의 학습 데이터와 결과를 분석해 온 서울대학교 교육심리학자 신종호 교수는 변화와 실패 속에서도 흔들리지 않고 끊임없이 성장하는 아이들에게 공통적으로 ‘학습 민첩성’이 높다는 점에 주목했다.",TRUE,7,교육심리|학습전략|자기주도학습|변화대응|성장마인드셋|실패극복|미래교육,=653  \\$a교육심리$a학습전략$a자기주도학습$a변화대응$a성장마인드셋$a실패극복$a미래교육,
기타,9791112183309,2026-04-24,우리 아이 첫 생활 습관 4 - 24개월 아이의 사회성 첫 걸음(어린이집) - 24개월 유아를 위한 일상속 ,퀸즈미라클 강은숙 (지은이),국내도서>좋은부모>육아>육아법/육아 일반,,TRUE,5,유아발달|육아법|말하기훈련|행동지도|유아교육,=653  \\$a유아발달$a육아법$a말하기훈련$a행동지도$a유아교육,
